year,state,candidate,party,votes,votes_in_millions
1976,ALABAMA,"CARTER, JIMMY",DEMOCRAT,659170,0.65917
1976,ALABAMA,"FORD, GERALD",REPUBLICAN,504070,0.50407
1976,ALASKA,"FORD, GERALD",REPUBLICAN,71555,0.071555
1976,ALASKA,"CARTER, JIMMY",DEMOCRAT,44058,0.044058
1976,ARIZONA,"FORD, GERALD",REPUBLICAN,418642,0.418642
1976,ARIZONA,"CARTER, JIMMY",DEMOCRAT,295602,0.295602
1976,ARKANSAS,"CARTER, JIMMY",DEMOCRAT,498604,0.498604
1976,ARKANSAS,"FORD, GERALD",REPUBLICAN,267903,0.267903
1976,CALIFORNIA,"FORD, GERALD",REPUBLICAN,3882244,3.882244
1976,CALIFORNIA,"CARTER, JIMMY",DEMOCRAT,3742284,3.742284
1976,COLORADO,"FORD, GERALD",REPUBLICAN,584278,0.584278
1976,COLORADO,"CARTER, JIMMY",DEMOCRAT,460801,0.460801
1976,CONNECTICUT,"FORD, GERALD",REPUBLICAN,719261,0.719261
1976,CONNECTICUT,"CARTER, JIMMY",DEMOCRAT,647895,0.647895
1976,DELAWARE,"CARTER, JIMMY",DEMOCRAT,122461,0.122461
1976,DELAWARE,"FORD, GERALD",REPUBLICAN,109780,0.10978
1976,DISTRICT OF COLUMBIA,"CARTER, JIMMY",DEMOCRAT,137818,0.137818
1976,DISTRICT OF COLUMBIA,"FORD, GERALD",REPUBLICAN,27873,0.027873
1976,FLORIDA,"CARTER, JIMMY",DEMOCRAT,1636000,1.636
1976,FLORIDA,"FORD, GERALD",REPUBLICAN,1469531,1.469531
1976,GEORGIA,"CARTER, JIMMY",DEMOCRAT,979409,0.979409
1976,GEORGIA,"FORD, GERALD",REPUBLICAN,483743,0.483743
1976,HAWAII,"CARTER, JIMMY",DEMOCRAT,147375,0.147375
1976,HAWAII,"FORD, GERALD",REPUBLICAN,140003,0.140003
1976,IDAHO,"FORD, GERALD",REPUBLICAN,204151,0.204151
1976,IDAHO,"CARTER, JIMMY",DEMOCRAT,126549,0.126549
1976,ILLINOIS,"FORD, GERALD",REPUBLICAN,2364269,2.364269
1976,ILLINOIS,"CARTER, JIMMY",DEMOCRAT,2271295,2.271295
1976,INDIANA,"FORD, GERALD",REPUBLICAN,1183958,1.183958
1976,INDIANA,"CARTER, JIMMY",DEMOCRAT,1014714,1.014714
1976,IOWA,"FORD, GERALD",REPUBLICAN,632864,0.632864
1976,IOWA,"CARTER, JIMMY",DEMOCRAT,619931,0.619931
1976,KANSAS,"FORD, GERALD",REPUBLICAN,502752,0.502752
1976,KANSAS,"CARTER, JIMMY",DEMOCRAT,430421,0.430421
1976,KENTUCKY,"CARTER, JIMMY",DEMOCRAT,615717,0.615717
1976,KENTUCKY,"FORD, GERALD",REPUBLICAN,531852,0.531852
1976,LOUISIANA,"CARTER, JIMMY",DEMOCRAT,661365,0.661365
1976,LOUISIANA,"FORD, GERALD",REPUBLICAN,587446,0.587446
1976,MAINE,"FORD, GERALD",REPUBLICAN,236320,0.23632
1976,MAINE,"CARTER, JIMMY",DEMOCRAT,232279,0.232279
1976,MARYLAND,"CARTER, JIMMY",DEMOCRAT,759612,0.759612
1976,MARYLAND,"FORD, GERALD",REPUBLICAN,672661,0.672661
1976,MASSACHUSETTS,"CARTER, JIMMY",DEMOCRAT,1429475,1.429475
1976,MASSACHUSETTS,"FORD, GERALD",REPUBLICAN,1030276,1.030276
1976,MICHIGAN,"FORD, GERALD",REPUBLICAN,1893742,1.893742
1976,MICHIGAN,"CARTER, JIMMY",DEMOCRAT,1696714,1.696714
1976,MINNESOTA,"CARTER, JIMMY",DEMOCRAT,1070440,1.07044
1976,MINNESOTA,"FORD, GERALD",REPUBLICAN,819395,0.819395
1976,MISSISSIPPI,"CARTER, JIMMY",DEMOCRAT,381329,0.381329
1976,MISSISSIPPI,"FORD, GERALD",REPUBLICAN,366846,0.366846
1976,MISSOURI,"CARTER, JIMMY",DEMOCRAT,998387,0.998387
1976,MISSOURI,"FORD, GERALD",REPUBLICAN,927443,0.927443
1976,MONTANA,"FORD, GERALD",REPUBLICAN,173703,0.173703
1976,MONTANA,"CARTER, JIMMY",DEMOCRAT,149259,0.149259
1976,NEBRASKA,"FORD, GERALD",REPUBLICAN,359219,0.359219
1976,NEBRASKA,"CARTER, JIMMY",DEMOCRAT,233293,0.233293
1976,NEVADA,"FORD, GERALD",REPUBLICAN,101273,0.101273
1976,NEVADA,"CARTER, JIMMY",DEMOCRAT,92479,0.092479
1976,NEW HAMPSHIRE,"FORD, GERALD",REPUBLICAN,185935,0.185935
1976,NEW HAMPSHIRE,"CARTER, JIMMY",DEMOCRAT,147645,0.147645
1976,NEW JERSEY,"FORD, GERALD",REPUBLICAN,1509688,1.509688
1976,NEW JERSEY,"CARTER, JIMMY",DEMOCRAT,1444653,1.444653
1976,NEW MEXICO,"FORD, GERALD",REPUBLICAN,211419,0.211419
1976,NEW MEXICO,"CARTER, JIMMY",DEMOCRAT,201148,0.201148
1976,NEW YORK,"CARTER, JIMMY",DEMOCRAT,3244165,3.244165
1976,NEW YORK,"FORD, GERALD",REPUBLICAN,2825913,2.825913
1976,NORTH CAROLINA,"CARTER, JIMMY",DEMOCRAT,927365,0.927365
1976,NORTH CAROLINA,"FORD, GERALD",REPUBLICAN,741960,0.74196
1976,NORTH DAKOTA,"FORD, GERALD",REPUBLICAN,153684,0.153684
1976,NORTH DAKOTA,"CARTER, JIMMY",DEMOCRAT,136078,0.136078
1976,OHIO,"CARTER, JIMMY",DEMOCRAT,2009959,2.009959
1976,OHIO,"FORD, GERALD",REPUBLICAN,2000626,2.000626
1976,OKLAHOMA,"FORD, GERALD",REPUBLICAN,545708,0.545708
1976,OKLAHOMA,"CARTER, JIMMY",DEMOCRAT,532442,0.532442
1976,OREGON,"FORD, GERALD",REPUBLICAN,492120,0.49212
1976,OREGON,"CARTER, JIMMY",DEMOCRAT,490407,0.490407
1976,PENNSYLVANIA,"CARTER, JIMMY",DEMOCRAT,2328677,2.328677
1976,PENNSYLVANIA,"FORD, GERALD",REPUBLICAN,2205604,2.205604
1976,RHODE ISLAND,"CARTER, JIMMY",DEMOCRAT,227636,0.227636
1976,RHODE ISLAND,"FORD, GERALD",REPUBLICAN,181249,0.181249
1976,SOUTH CAROLINA,"CARTER, JIMMY",DEMOCRAT,450807,0.450807
1976,SOUTH CAROLINA,"FORD, GERALD",REPUBLICAN,346149,0.346149
1976,SOUTH DAKOTA,"FORD, GERALD",REPUBLICAN,151505,0.151505
1976,SOUTH DAKOTA,"CARTER, JIMMY",DEMOCRAT,147068,0.147068
1976,TENNESSEE,"CARTER, JIMMY",DEMOCRAT,825879,0.825879
1976,TENNESSEE,"FORD, GERALD",REPUBLICAN,633969,0.633969
1976,TEXAS,"CARTER, JIMMY",DEMOCRAT,2082319,2.082319
1976,TEXAS,"FORD, GERALD",REPUBLICAN,1953300,1.9533
1976,UTAH,"FORD, GERALD",REPUBLICAN,337908,0.337908
1976,UTAH,"CARTER, JIMMY",DEMOCRAT,182110,0.18211
1976,VERMONT,"FORD, GERALD",REPUBLICAN,100387,0.100387
1976,VERMONT,"CARTER, JIMMY",DEMOCRAT,77798,0.077798
1976,VIRGINIA,"FORD, GERALD",REPUBLICAN,836554,0.836554
1976,VIRGINIA,"CARTER, JIMMY",DEMOCRAT,813896,0.813896
1976,WASHINGTON,"FORD, GERALD",REPUBLICAN,777732,0.777732
1976,WASHINGTON,"CARTER, JIMMY",DEMOCRAT,717323,0.717323
1976,WEST VIRGINIA,"CARTER, JIMMY",DEMOCRAT,435864,0.435864
1976,WEST VIRGINIA,"FORD, GERALD",REPUBLICAN,314726,0.314726
1976,WISCONSIN,"CARTER, JIMMY",DEMOCRAT,1040232,1.040232
1976,WISCONSIN,"FORD, GERALD",REPUBLICAN,1004987,1.004987
1976,WYOMING,"FORD, GERALD",REPUBLICAN,92717,0.092717
1976,WYOMING,"CARTER, JIMMY",DEMOCRAT,62239,0.062239
1980,ALABAMA,"REAGAN, RONALD",REPUBLICAN,654192,0.654192
1980,ALABAMA,"CARTER, JIMMY",DEMOCRAT,636730,0.63673
1980,ALASKA,"REAGAN, RONALD",REPUBLICAN,86112,0.086112
1980,ALASKA,"CARTER, JIMMY",DEMOCRAT,41842,0.041842
1980,ARIZONA,"REAGAN, RONALD",REPUBLICAN,529688,0.529688
1980,ARIZONA,"CARTER, JIMMY",DEMOCRAT,246843,0.246843
1980,ARKANSAS,"REAGAN, RONALD",REPUBLICAN,403164,0.403164
1980,ARKANSAS,"CARTER, JIMMY",DEMOCRAT,398041,0.398041
1980,CALIFORNIA,"REAGAN, RONALD",REPUBLICAN,4522994,4.522994
1980,CALIFORNIA,"CARTER, JIMMY",DEMOCRAT,3082943,3.082943
1980,COLORADO,"REAGAN, RONALD",REPUBLICAN,652264,0.652264
1980,COLORADO,"CARTER, JIMMY",DEMOCRAT,368009,0.368009
1980,CONNECTICUT,"REAGAN, RONALD",REPUBLICAN,677210,0.67721
1980,CONNECTICUT,"CARTER, JIMMY",DEMOCRAT,541732,0.541732
1980,DELAWARE,"REAGAN, RONALD",REPUBLICAN,111252,0.111252
1980,DELAWARE,"CARTER, JIMMY",DEMOCRAT,105754,0.105754
1980,DISTRICT OF COLUMBIA,"CARTER, JIMMY",DEMOCRAT,130231,0.130231
1980,DISTRICT OF COLUMBIA,"REAGAN, RONALD",REPUBLICAN,23313,0.023313
1980,FLORIDA,"REAGAN, RONALD",REPUBLICAN,2046951,2.046951
1980,FLORIDA,"CARTER, JIMMY",DEMOCRAT,1419475,1.419475
1980,GEORGIA,"CARTER, JIMMY",DEMOCRAT,890955,0.890955
1980,GEORGIA,"REAGAN, RONALD",REPUBLICAN,654168,0.654168
1980,HAWAII,"CARTER, JIMMY",DEMOCRAT,135879,0.135879
1980,HAWAII,"REAGAN, RONALD",REPUBLICAN,130112,0.130112
1980,IDAHO,"REAGAN, RONALD",REPUBLICAN,290699,0.290699
1980,IDAHO,"CARTER, JIMMY",DEMOCRAT,110192,0.110192
1980,ILLINOIS,"REAGAN, RONALD",REPUBLICAN,2358049,2.358049
1980,ILLINOIS,"CARTER, JIMMY",DEMOCRAT,1981413,1.981413
1980,INDIANA,"REAGAN, RONALD",REPUBLICAN,1255656,1.255656
1980,INDIANA,"CARTER, JIMMY",DEMOCRAT,844197,0.844197
1980,IOWA,"REAGAN, RONALD",REPUBLICAN,676026,0.676026
1980,IOWA,"CARTER, JIMMY",DEMOCRAT,508672,0.508672
1980,KANSAS,"REAGAN, RONALD",REPUBLICAN,566812,0.566812
1980,KANSAS,"CARTER, JIMMY",DEMOCRAT,326150,0.32615
1980,KENTUCKY,"REAGAN, RONALD",REPUBLICAN,635274,0.635274
1980,KENTUCKY,"CARTER, JIMMY",DEMOCRAT,617417,0.617417
1980,LOUISIANA,"REAGAN, RONALD",REPUBLICAN,792853,0.792853
1980,LOUISIANA,"CARTER, JIMMY",DEMOCRAT,708453,0.708453
1980,MAINE,"REAGAN, RONALD",REPUBLICAN,238522,0.238522
1980,MAINE,"CARTER, JIMMY",DEMOCRAT,220974,0.220974
1980,MARYLAND,"CARTER, JIMMY",DEMOCRAT,726161,0.726161
1980,MARYLAND,"REAGAN, RONALD",REPUBLICAN,680606,0.680606
1980,MASSACHUSETTS,"REAGAN, RONALD",REPUBLICAN,1057631,1.057631
1980,MASSACHUSETTS,"CARTER, JIMMY",DEMOCRAT,1053802,1.053802
1980,MICHIGAN,"REAGAN, RONALD",REPUBLICAN,1915225,1.915225
1980,MICHIGAN,"CARTER, JIMMY",DEMOCRAT,1661532,1.661532
1980,MINNESOTA,"CARTER, JIMMY",DEMOCRAT,954173,0.954173
1980,MINNESOTA,"REAGAN, RONALD",REPUBLICAN,873268,0.873268
1980,MISSISSIPPI,"REAGAN, RONALD",REPUBLICAN,441089,0.441089
1980,MISSISSIPPI,"CARTER, JIMMY",DEMOCRAT,429281,0.429281
1980,MISSOURI,"REAGAN, RONALD",REPUBLICAN,1074181,1.074181
1980,MISSOURI,"CARTER, JIMMY",DEMOCRAT,931182,0.931182
1980,MONTANA,"REAGAN, RONALD",REPUBLICAN,206814,0.206814
1980,MONTANA,"CARTER, JIMMY",DEMOCRAT,118032,0.118032
1980,NEBRASKA,"REAGAN, RONALD",REPUBLICAN,419214,0.419214
1980,NEBRASKA,"CARTER, JIMMY",DEMOCRAT,166424,0.166424
1980,NEVADA,"REAGAN, RONALD",REPUBLICAN,155017,0.155017
1980,NEVADA,"CARTER, JIMMY",DEMOCRAT,66666,0.066666
1980,NEW HAMPSHIRE,"REAGAN, RONALD",REPUBLICAN,221705,0.221705
1980,NEW HAMPSHIRE,"CARTER, JIMMY",DEMOCRAT,108864,0.108864
1980,NEW JERSEY,"REAGAN, RONALD",REPUBLICAN,1546557,1.546557
1980,NEW JERSEY,"CARTER, JIMMY",DEMOCRAT,1147364,1.147364
1980,NEW MEXICO,"REAGAN, RONALD",REPUBLICAN,250779,0.250779
1980,NEW MEXICO,"CARTER, JIMMY",DEMOCRAT,167826,0.167826
1980,NEW YORK,"CARTER, JIMMY",DEMOCRAT,2728372,2.728372
1980,NEW YORK,"REAGAN, RONALD",REPUBLICAN,2637700,2.6377
1980,NORTH CAROLINA,"REAGAN, RONALD",REPUBLICAN,915018,0.915018
1980,NORTH CAROLINA,"CARTER, JIMMY",DEMOCRAT,875635,0.875635
1980,NORTH DAKOTA,"REAGAN, RONALD",REPUBLICAN,193695,0.193695
1980,NORTH DAKOTA,"CARTER, JIMMY",DEMOCRAT,79189,0.079189
1980,OHIO,"REAGAN, RONALD",REPUBLICAN,2206545,2.206545
1980,OHIO,"CARTER, JIMMY",DEMOCRAT,1752414,1.752414
1980,OKLAHOMA,"REAGAN, RONALD",REPUBLICAN,695570,0.69557
1980,OKLAHOMA,"CARTER, JIMMY",DEMOCRAT,402026,0.402026
1980,OREGON,"REAGAN, RONALD",REPUBLICAN,571044,0.571044
1980,OREGON,"CARTER, JIMMY",DEMOCRAT,456890,0.45689
1980,PENNSYLVANIA,"REAGAN, RONALD",REPUBLICAN,2261872,2.261872
1980,PENNSYLVANIA,"CARTER, JIMMY",DEMOCRAT,1937540,1.93754
1980,RHODE ISLAND,"CARTER, JIMMY",DEMOCRAT,198342,0.198342
1980,RHODE ISLAND,"REAGAN, RONALD",REPUBLICAN,154793,0.154793
1980,SOUTH CAROLINA,"REAGAN, RONALD",REPUBLICAN,439277,0.439277
1980,SOUTH CAROLINA,"CARTER, JIMMY",DEMOCRAT,428220,0.42822
1980,SOUTH DAKOTA,"REAGAN, RONALD",REPUBLICAN,198343,0.198343
1980,SOUTH DAKOTA,"CARTER, JIMMY",DEMOCRAT,103855,0.103855
1980,TENNESSEE,"REAGAN, RONALD",REPUBLICAN,787761,0.787761
1980,TENNESSEE,"CARTER, JIMMY",DEMOCRAT,783051,0.783051
1980,TEXAS,"REAGAN, RONALD",REPUBLICAN,2510705,2.510705
1980,TEXAS,"CARTER, JIMMY",DEMOCRAT,1881147,1.881147
1980,UTAH,"REAGAN, RONALD",REPUBLICAN,439687,0.439687
1980,UTAH,"CARTER, JIMMY",DEMOCRAT,124266,0.124266
1980,VERMONT,"REAGAN, RONALD",REPUBLICAN,94628,0.094628
1980,VERMONT,"CARTER, JIMMY",DEMOCRAT,81952,0.081952
1980,VIRGINIA,"REAGAN, RONALD",REPUBLICAN,989609,0.989609
1980,VIRGINIA,"CARTER, JIMMY",DEMOCRAT,752174,0.752174
1980,WASHINGTON,"REAGAN, RONALD",REPUBLICAN,865244,0.865244
1980,WASHINGTON,"CARTER, JIMMY",DEMOCRAT,650193,0.650193
1980,WEST VIRGINIA,"CARTER, JIMMY",DEMOCRAT,367462,0.367462
1980,WEST VIRGINIA,"REAGAN, RONALD",REPUBLICAN,334206,0.334206
1980,WISCONSIN,"REAGAN, RONALD",REPUBLICAN,1088845,1.088845
1980,WISCONSIN,"CARTER, JIMMY",DEMOCRAT,981584,0.981584
1980,WYOMING,"REAGAN, RONALD",REPUBLICAN,110700,0.1107
1980,WYOMING,"CARTER, JIMMY",DEMOCRAT,49427,0.049427
1984,ALABAMA,"REAGAN, RONALD",REPUBLICAN,872849,0.872849
1984,ALABAMA,"MONDALE, WALTER",DEMOCRAT,551899,0.551899
1984,ALASKA,"REAGAN, RONALD",REPUBLICAN,138377,0.138377
1984,ALASKA,"MONDALE, WALTER",DEMOCRAT,62007,0.062007
1984,ARIZONA,"REAGAN, RONALD",REPUBLICAN,681416,0.681416
1984,ARIZONA,"MONDALE, WALTER",DEMOCRAT,333854,0.333854
1984,ARKANSAS,"REAGAN, RONALD",REPUBLICAN,534774,0.534774
1984,ARKANSAS,"MONDALE, WALTER",DEMOCRAT,338646,0.338646
1984,CALIFORNIA,"REAGAN, RONALD",REPUBLICAN,5467009,5.467009
1984,CALIFORNIA,"MONDALE, WALTER",DEMOCRAT,3922519,3.922519
1984,COLORADO,"REAGAN, RONALD",REPUBLICAN,821817,0.821817
1984,COLORADO,"MONDALE, WALTER",DEMOCRAT,454975,0.454975
1984,CONNECTICUT,"REAGAN, RONALD",REPUBLICAN,890877,0.890877
1984,CONNECTICUT,"MONDALE, WALTER",DEMOCRAT,569597,0.569597
1984,DELAWARE,"REAGAN, RONALD",REPUBLICAN,152190,0.15219
1984,DELAWARE,"MONDALE, WALTER",DEMOCRAT,101656,0.101656
1984,DISTRICT OF COLUMBIA,"MONDALE, WALTER",DEMOCRAT,180408,0.180408
1984,DISTRICT OF COLUMBIA,"REAGAN, RONALD",REPUBLICAN,29009,0.029009
1984,FLORIDA,"REAGAN, RONALD",REPUBLICAN,2730350,2.73035
1984,FLORIDA,"MONDALE, WALTER",DEMOCRAT,1448816,1.448816
1984,GEORGIA,"REAGAN, RONALD",REPUBLICAN,1068722,1.068722
1984,GEORGIA,"MONDALE, WALTER",DEMOCRAT,706628,0.706628
1984,HAWAII,"REAGAN, RONALD",REPUBLICAN,185050,0.18505
1984,HAWAII,"MONDALE, WALTER",DEMOCRAT,147154,0.147154
1984,IDAHO,"REAGAN, RONALD",REPUBLICAN,297523,0.297523
1984,IDAHO,"MONDALE, WALTER",DEMOCRAT,108510,0.10851
1984,ILLINOIS,"REAGAN, RONALD",REPUBLICAN,2707103,2.707103
1984,ILLINOIS,"MONDALE, WALTER",DEMOCRAT,2086499,2.086499
1984,INDIANA,"REAGAN, RONALD",REPUBLICAN,1377230,1.37723
1984,INDIANA,"MONDALE, WALTER",DEMOCRAT,841481,0.841481
1984,IOWA,"REAGAN, RONALD",REPUBLICAN,703088,0.703088
1984,IOWA,"MONDALE, WALTER",DEMOCRAT,605620,0.60562
1984,KANSAS,"REAGAN, RONALD",REPUBLICAN,677296,0.677296
1984,KANSAS,"MONDALE, WALTER",DEMOCRAT,333149,0.333149
1984,KENTUCKY,"REAGAN, RONALD",REPUBLICAN,821702,0.821702
1984,KENTUCKY,"MONDALE, WALTER",DEMOCRAT,539539,0.539539
1984,LOUISIANA,"REAGAN, RONALD",REPUBLICAN,1037299,1.037299
1984,LOUISIANA,"MONDALE, WALTER",DEMOCRAT,651586,0.651586
1984,MAINE,"REAGAN, RONALD",REPUBLICAN,336500,0.3365
1984,MAINE,"MONDALE, WALTER",DEMOCRAT,214515,0.214515
1984,MARYLAND,"REAGAN, RONALD",REPUBLICAN,879918,0.879918
1984,MARYLAND,"MONDALE, WALTER",DEMOCRAT,787935,0.787935
1984,MASSACHUSETTS,"REAGAN, RONALD",REPUBLICAN,1310936,1.310936
1984,MASSACHUSETTS,"MONDALE, WALTER",DEMOCRAT,1239606,1.239606
1984,MICHIGAN,"REAGAN, RONALD",REPUBLICAN,2251571,2.251571
1984,MICHIGAN,"MONDALE, WALTER",DEMOCRAT,1529638,1.529638
1984,MINNESOTA,"MONDALE, WALTER",DEMOCRAT,1036364,1.036364
1984,MINNESOTA,"REAGAN, RONALD",REPUBLICAN,1032603,1.032603
1984,MISSISSIPPI,"REAGAN, RONALD",REPUBLICAN,582377,0.582377
1984,MISSISSIPPI,"MONDALE, WALTER",DEMOCRAT,352192,0.352192
1984,MISSOURI,"REAGAN, RONALD",REPUBLICAN,1274188,1.274188
1984,MISSOURI,"MONDALE, WALTER",DEMOCRAT,848583,0.848583
1984,MONTANA,"REAGAN, RONALD",REPUBLICAN,232450,0.23245
1984,MONTANA,"MONDALE, WALTER",DEMOCRAT,146742,0.146742
1984,NEBRASKA,"REAGAN, RONALD",REPUBLICAN,460054,0.460054
1984,NEBRASKA,"MONDALE, WALTER",DEMOCRAT,187866,0.187866
1984,NEVADA,"REAGAN, RONALD",REPUBLICAN,188770,0.18877
1984,NEVADA,"MONDALE, WALTER",DEMOCRAT,91655,0.091655
1984,NEW HAMPSHIRE,"REAGAN, RONALD",REPUBLICAN,267050,0.26705
1984,NEW HAMPSHIRE,"MONDALE, WALTER",DEMOCRAT,120347,0.120347
1984,NEW JERSEY,"REAGAN, RONALD",REPUBLICAN,1933630,1.93363
1984,NEW JERSEY,"MONDALE, WALTER",DEMOCRAT,1261323,1.261323
1984,NEW MEXICO,"REAGAN, RONALD",REPUBLICAN,307101,0.307101
1984,NEW MEXICO,"MONDALE, WALTER",DEMOCRAT,201769,0.201769
1984,NEW YORK,"REAGAN, RONALD",REPUBLICAN,3376519,3.376519
1984,NEW YORK,"MONDALE, WALTER",DEMOCRAT,3001285,3.001285
1984,NORTH CAROLINA,"REAGAN, RONALD",REPUBLICAN,1346481,1.346481
1984,NORTH CAROLINA,"MONDALE, WALTER",DEMOCRAT,824287,0.824287
1984,NORTH DAKOTA,"REAGAN, RONALD",REPUBLICAN,200336,0.200336
1984,NORTH DAKOTA,"MONDALE, WALTER",DEMOCRAT,104429,0.104429
1984,OHIO,"REAGAN, RONALD",REPUBLICAN,2678559,2.678559
1984,OHIO,"MONDALE, WALTER",DEMOCRAT,1825440,1.82544
1984,OKLAHOMA,"REAGAN, RONALD",REPUBLICAN,861530,0.86153
1984,OKLAHOMA,"MONDALE, WALTER",DEMOCRAT,385080,0.38508
1984,OREGON,"REAGAN, RONALD",REPUBLICAN,685700,0.6857
1984,OREGON,"MONDALE, WALTER",DEMOCRAT,536479,0.536479
1984,PENNSYLVANIA,"REAGAN, RONALD",REPUBLICAN,2584323,2.584323
1984,PENNSYLVANIA,"MONDALE, WALTER",DEMOCRAT,2228131,2.228131
1984,RHODE ISLAND,"REAGAN, RONALD",REPUBLICAN,212080,0.21208
1984,RHODE ISLAND,"MONDALE, WALTER",DEMOCRAT,197106,0.197106
1984,SOUTH CAROLINA,"REAGAN, RONALD",REPUBLICAN,615539,0.615539
1984,SOUTH CAROLINA,"MONDALE, WALTER",DEMOCRAT,344459,0.344459
1984,SOUTH DAKOTA,"REAGAN, RONALD",REPUBLICAN,200267,0.200267
1984,SOUTH DAKOTA,"MONDALE, WALTER",DEMOCRAT,116113,0.116113
1984,TENNESSEE,"REAGAN, RONALD",REPUBLICAN,990212,0.990212
1984,TENNESSEE,"MONDALE, WALTER",DEMOCRAT,711714,0.711714
1984,TEXAS,"REAGAN, RONALD",REPUBLICAN,3433428,3.433428
1984,TEXAS,"MONDALE, WALTER",DEMOCRAT,1949276,1.949276
1984,UTAH,"REAGAN, RONALD",REPUBLICAN,469105,0.469105
1984,UTAH,"MONDALE, WALTER",DEMOCRAT,155369,0.155369
1984,VERMONT,"REAGAN, RONALD",REPUBLICAN,135865,0.135865
1984,VERMONT,"MONDALE, WALTER",DEMOCRAT,95730,0.09573
1984,VIRGINIA,"REAGAN, RONALD",REPUBLICAN,1337078,1.337078
1984,VIRGINIA,"MONDALE, WALTER",DEMOCRAT,796250,0.79625
1984,WASHINGTON,"REAGAN, RONALD",REPUBLICAN,1051670,1.05167
1984,WASHINGTON,"MONDALE, WALTER",DEMOCRAT,798352,0.798352
1984,WEST VIRGINIA,"REAGAN, RONALD",REPUBLICAN,405483,0.405483
1984,WEST VIRGINIA,"MONDALE, WALTER",DEMOCRAT,328125,0.328125
1984,WISCONSIN,"REAGAN, RONALD",REPUBLICAN,1198584,1.198584
1984,WISCONSIN,"MONDALE, WALTER",DEMOCRAT,995740,0.99574
1984,WYOMING,"REAGAN, RONALD",REPUBLICAN,133241,0.133241
1984,WYOMING,"MONDALE, WALTER",DEMOCRAT,53370,0.05337
1988,ALABAMA,"BUSH, GEORGE H.W.",REPUBLICAN,815576,0.815576
1988,ALABAMA,"DUKAKIS, MICHAEL",DEMOCRAT,549506,0.549506
1988,ALASKA,"BUSH, GEORGE H.W.",REPUBLICAN,119251,0.119251
1988,ALASKA,"DUKAKIS, MICHAEL",DEMOCRAT,72584,0.072584
1988,ARIZONA,"BUSH, GEORGE H.W.",REPUBLICAN,702541,0.702541
1988,ARIZONA,"DUKAKIS, MICHAEL",DEMOCRAT,454029,0.454029
1988,ARKANSAS,"BUSH, GEORGE H.W.",REPUBLICAN,466578,0.466578
1988,ARKANSAS,"DUKAKIS, MICHAEL",DEMOCRAT,349237,0.349237
1988,CALIFORNIA,"BUSH, GEORGE H.W.",REPUBLICAN,5054917,5.054917
1988,CALIFORNIA,"DUKAKIS, MICHAEL",DEMOCRAT,4702233,4.702233
1988,COLORADO,"BUSH, GEORGE H.W.",REPUBLICAN,728177,0.728177
1988,COLORADO,"DUKAKIS, MICHAEL",DEMOCRAT,621453,0.621453
1988,CONNECTICUT,"BUSH, GEORGE H.W.",REPUBLICAN,750241,0.750241
1988,CONNECTICUT,"DUKAKIS, MICHAEL",DEMOCRAT,676584,0.676584
1988,DELAWARE,"BUSH, GEORGE H.W.",REPUBLICAN,139639,0.139639
1988,DELAWARE,"DUKAKIS, MICHAEL",DEMOCRAT,108647,0.108647
1988,DISTRICT OF COLUMBIA,"DUKAKIS, MICHAEL",DEMOCRAT,159407,0.159407
1988,DISTRICT OF COLUMBIA,"BUSH, GEORGE H.W.",REPUBLICAN,27590,0.02759
1988,FLORIDA,"BUSH, GEORGE H.W.",REPUBLICAN,2618885,2.618885
1988,FLORIDA,"DUKAKIS, MICHAEL",DEMOCRAT,1656701,1.656701
1988,GEORGIA,"BUSH, GEORGE H.W.",REPUBLICAN,1081331,1.081331
1988,GEORGIA,"DUKAKIS, MICHAEL",DEMOCRAT,714792,0.714792
1988,HAWAII,"DUKAKIS, MICHAEL",DEMOCRAT,192364,0.192364
1988,HAWAII,"BUSH, GEORGE H.W.",REPUBLICAN,158625,0.158625
1988,IDAHO,"BUSH, GEORGE H.W.",REPUBLICAN,253881,0.253881
1988,IDAHO,"DUKAKIS, MICHAEL",DEMOCRAT,147272,0.147272
1988,ILLINOIS,"BUSH, GEORGE H.W.",REPUBLICAN,2310939,2.310939
1988,ILLINOIS,"DUKAKIS, MICHAEL",DEMOCRAT,2215940,2.21594
1988,INDIANA,"BUSH, GEORGE H.W.",REPUBLICAN,1297763,1.297763
1988,INDIANA,"DUKAKIS, MICHAEL",DEMOCRAT,860643,0.860643
1988,IOWA,"DUKAKIS, MICHAEL",DEMOCRAT,670557,0.670557
1988,IOWA,"BUSH, GEORGE H.W.",REPUBLICAN,545355,0.545355
1988,KANSAS,"BUSH, GEORGE H.W.",REPUBLICAN,554049,0.554049
1988,KANSAS,"DUKAKIS, MICHAEL",DEMOCRAT,422636,0.422636
1988,KENTUCKY,"BUSH, GEORGE H.W.",REPUBLICAN,734281,0.734281
1988,KENTUCKY,"DUKAKIS, MICHAEL",DEMOCRAT,580368,0.580368
1988,LOUISIANA,"BUSH, GEORGE H.W.",REPUBLICAN,883702,0.883702
1988,LOUISIANA,"DUKAKIS, MICHAEL",DEMOCRAT,717460,0.71746
1988,MAINE,"BUSH, GEORGE H.W.",REPUBLICAN,307131,0.307131
1988,MAINE,"DUKAKIS, MICHAEL",DEMOCRAT,243569,0.243569
1988,MARYLAND,"BUSH, GEORGE H.W.",REPUBLICAN,876167,0.876167
1988,MARYLAND,"DUKAKIS, MICHAEL",DEMOCRAT,826304,0.826304
1988,MASSACHUSETTS,"DUKAKIS, MICHAEL",DEMOCRAT,1401415,1.401415
1988,MASSACHUSETTS,"BUSH, GEORGE H.W.",REPUBLICAN,1194635,1.194635
1988,MICHIGAN,"BUSH, GEORGE H.W.",REPUBLICAN,1965486,1.965486
1988,MICHIGAN,"DUKAKIS, MICHAEL",DEMOCRAT,1675783,1.675783
1988,MINNESOTA,"DUKAKIS, MICHAEL",DEMOCRAT,1109471,1.109471
1988,MINNESOTA,"BUSH, GEORGE H.W.",REPUBLICAN,962337,0.962337
1988,MISSISSIPPI,"BUSH, GEORGE H.W.",REPUBLICAN,557890,0.55789
1988,MISSISSIPPI,"DUKAKIS, MICHAEL",DEMOCRAT,363921,0.363921
1988,MISSOURI,"BUSH, GEORGE H.W.",REPUBLICAN,1084953,1.084953
1988,MISSOURI,"DUKAKIS, MICHAEL",DEMOCRAT,1001619,1.001619
1988,MONTANA,"BUSH, GEORGE H.W.",REPUBLICAN,190412,0.190412
1988,MONTANA,"DUKAKIS, MICHAEL",DEMOCRAT,168936,0.168936
1988,NEBRASKA,"BUSH, GEORGE H.W.",REPUBLICAN,397956,0.397956
1988,NEBRASKA,"DUKAKIS, MICHAEL",DEMOCRAT,259235,0.259235
1988,NEVADA,"BUSH, GEORGE H.W.",REPUBLICAN,206040,0.20604
1988,NEVADA,"DUKAKIS, MICHAEL",DEMOCRAT,132738,0.132738
1988,NEW HAMPSHIRE,"BUSH, GEORGE H.W.",REPUBLICAN,281537,0.281537
1988,NEW HAMPSHIRE,"DUKAKIS, MICHAEL",DEMOCRAT,163696,0.163696
1988,NEW JERSEY,"BUSH, GEORGE H.W.",REPUBLICAN,1743192,1.743192
1988,NEW JERSEY,"DUKAKIS, MICHAEL",DEMOCRAT,1320352,1.320352
1988,NEW MEXICO,"BUSH, GEORGE H.W.",REPUBLICAN,270341,0.270341
1988,NEW MEXICO,"DUKAKIS, MICHAEL",DEMOCRAT,244497,0.244497
1988,NEW YORK,"DUKAKIS, MICHAEL",DEMOCRAT,3255487,3.255487
1988,NEW YORK,"BUSH, GEORGE H.W.",REPUBLICAN,2838414,2.838414
1988,NORTH CAROLINA,"BUSH, GEORGE H.W.",REPUBLICAN,1237258,1.237258
1988,NORTH CAROLINA,"DUKAKIS, MICHAEL",DEMOCRAT,890167,0.890167
1988,NORTH DAKOTA,"BUSH, GEORGE H.W.",REPUBLICAN,166559,0.166559
1988,NORTH DAKOTA,"DUKAKIS, MICHAEL",DEMOCRAT,127739,0.127739
1988,OHIO,"BUSH, GEORGE H.W.",REPUBLICAN,2416549,2.416549
1988,OHIO,"DUKAKIS, MICHAEL",DEMOCRAT,1939629,1.939629
1988,OKLAHOMA,"BUSH, GEORGE H.W.",REPUBLICAN,678367,0.678367
1988,OKLAHOMA,"DUKAKIS, MICHAEL",DEMOCRAT,483423,0.483423
1988,OREGON,"DUKAKIS, MICHAEL",DEMOCRAT,616206,0.616206
1988,OREGON,"BUSH, GEORGE H.W.",REPUBLICAN,560126,0.560126
1988,PENNSYLVANIA,"BUSH, GEORGE H.W.",REPUBLICAN,2300087,2.300087
1988,PENNSYLVANIA,"DUKAKIS, MICHAEL",DEMOCRAT,2194944,2.194944
1988,RHODE ISLAND,"DUKAKIS, MICHAEL",DEMOCRAT,225123,0.225123
1988,RHODE ISLAND,"BUSH, GEORGE H.W.",REPUBLICAN,177761,0.177761
1988,SOUTH CAROLINA,"BUSH, GEORGE H.W.",REPUBLICAN,606443,0.606443
1988,SOUTH CAROLINA,"DUKAKIS, MICHAEL",DEMOCRAT,370554,0.370554
1988,SOUTH DAKOTA,"BUSH, GEORGE H.W.",REPUBLICAN,165415,0.165415
1988,SOUTH DAKOTA,"DUKAKIS, MICHAEL",DEMOCRAT,145560,0.14556
1988,TENNESSEE,"BUSH, GEORGE H.W.",REPUBLICAN,947233,0.947233
1988,TENNESSEE,"DUKAKIS, MICHAEL",DEMOCRAT,679794,0.679794
1988,TEXAS,"BUSH, GEORGE H.W.",REPUBLICAN,3036829,3.036829
1988,TEXAS,"DUKAKIS, MICHAEL",DEMOCRAT,2352748,2.352748
1988,UTAH,"BUSH, GEORGE H.W.",REPUBLICAN,428442,0.428442
1988,UTAH,"DUKAKIS, MICHAEL",DEMOCRAT,207343,0.207343
1988,VERMONT,"BUSH, GEORGE H.W.",REPUBLICAN,124331,0.124331
1988,VERMONT,"DUKAKIS, MICHAEL",DEMOCRAT,115775,0.115775
1988,VIRGINIA,"BUSH, GEORGE H.W.",REPUBLICAN,1309162,1.309162
1988,VIRGINIA,"DUKAKIS, MICHAEL",DEMOCRAT,859799,0.859799
1988,WASHINGTON,"DUKAKIS, MICHAEL",DEMOCRAT,933516,0.933516
1988,WASHINGTON,"BUSH, GEORGE H.W.",REPUBLICAN,903835,0.903835
1988,WEST VIRGINIA,"DUKAKIS, MICHAEL",DEMOCRAT,341016,0.341016
1988,WEST VIRGINIA,"BUSH, GEORGE H.W.",REPUBLICAN,310065,0.310065
1988,WISCONSIN,"DUKAKIS, MICHAEL",DEMOCRAT,1126794,1.126794
1988,WISCONSIN,"BUSH, GEORGE H.W.",REPUBLICAN,1047499,1.047499
1988,WYOMING,"BUSH, GEORGE H.W.",REPUBLICAN,106867,0.106867
1988,WYOMING,"DUKAKIS, MICHAEL",DEMOCRAT,67113,0.067113
1992,ALABAMA,"BUSH, GEORGE H.W.",REPUBLICAN,804283,0.804283
1992,ALABAMA,"CLINTON, BILL",DEMOCRAT,690080,0.69008
1992,ALASKA,"BUSH, GEORGE H.W.",REPUBLICAN,102000,0.102
1992,ALASKA,"CLINTON, BILL",DEMOCRAT,78294,0.078294
1992,ARIZONA,"BUSH, GEORGE H.W.",REPUBLICAN,572086,0.572086
1992,ARIZONA,"CLINTON, BILL",DEMOCRAT,543050,0.54305
1992,ARKANSAS,"CLINTON, BILL",DEMOCRAT,505823,0.505823
1992,ARKANSAS,"BUSH, GEORGE H.W.",REPUBLICAN,337324,0.337324
1992,CALIFORNIA,"CLINTON, BILL",DEMOCRAT,5121325,5.121325
1992,CALIFORNIA,"BUSH, GEORGE H.W.",REPUBLICAN,3630574,3.630574
1992,COLORADO,"CLINTON, BILL",DEMOCRAT,629681,0.629681
1992,COLORADO,"BUSH, GEORGE H.W.",REPUBLICAN,562850,0.56285
1992,CONNECTICUT,"CLINTON, BILL",DEMOCRAT,682318,0.682318
1992,CONNECTICUT,"BUSH, GEORGE H.W.",REPUBLICAN,578313,0.578313
1992,DELAWARE,"CLINTON, BILL",DEMOCRAT,126054,0.126054
1992,DELAWARE,"BUSH, GEORGE H.W.",REPUBLICAN,102313,0.102313
1992,DISTRICT OF COLUMBIA,"CLINTON, BILL",DEMOCRAT,192619,0.192619
1992,DISTRICT OF COLUMBIA,"BUSH, GEORGE H.W.",REPUBLICAN,20698,0.020698
1992,FLORIDA,"BUSH, GEORGE H.W.",REPUBLICAN,2173310,2.17331
1992,FLORIDA,"CLINTON, BILL",DEMOCRAT,2071698,2.071698
1992,GEORGIA,"CLINTON, BILL",DEMOCRAT,1008966,1.008966
1992,GEORGIA,"BUSH, GEORGE H.W.",REPUBLICAN,995252,0.995252
1992,HAWAII,"CLINTON, BILL",DEMOCRAT,179310,0.17931
1992,HAWAII,"BUSH, GEORGE H.W.",REPUBLICAN,136822,0.136822
1992,IDAHO,"BUSH, GEORGE H.W.",REPUBLICAN,202645,0.202645
1992,IDAHO,"CLINTON, BILL",DEMOCRAT,137013,0.137013
1992,ILLINOIS,"CLINTON, BILL",DEMOCRAT,2453350,2.45335
1992,ILLINOIS,"BUSH, GEORGE H.W.",REPUBLICAN,1734096,1.734096
1992,INDIANA,"BUSH, GEORGE H.W.",REPUBLICAN,989375,0.989375
1992,INDIANA,"CLINTON, BILL",DEMOCRAT,848420,0.84842
1992,IOWA,"CLINTON, BILL",DEMOCRAT,586353,0.586353
1992,IOWA,"BUSH, GEORGE H.W.",REPUBLICAN,504891,0.504891
1992,KANSAS,"BUSH, GEORGE H.W.",REPUBLICAN,449951,0.449951
1992,KANSAS,"CLINTON, BILL",DEMOCRAT,390434,0.390434
1992,KENTUCKY,"CLINTON, BILL",DEMOCRAT,665104,0.665104
1992,KENTUCKY,"BUSH, GEORGE H.W.",REPUBLICAN,617178,0.617178
1992,LOUISIANA,"CLINTON, BILL",DEMOCRAT,815971,0.815971
1992,LOUISIANA,"BUSH, GEORGE H.W.",REPUBLICAN,733386,0.733386
1992,MAINE,"CLINTON, BILL",DEMOCRAT,263420,0.26342
1992,MAINE,"BUSH, GEORGE H.W.",REPUBLICAN,206504,0.206504
1992,MARYLAND,"CLINTON, BILL",DEMOCRAT,988571,0.988571
1992,MARYLAND,"BUSH, GEORGE H.W.",REPUBLICAN,707094,0.707094
1992,MASSACHUSETTS,"CLINTON, BILL",DEMOCRAT,1318639,1.318639
1992,MASSACHUSETTS,"BUSH, GEORGE H.W.",REPUBLICAN,805039,0.805039
1992,MICHIGAN,"CLINTON, BILL",DEMOCRAT,1871182,1.871182
1992,MICHIGAN,"BUSH, GEORGE H.W.",REPUBLICAN,1554940,1.55494
1992,MINNESOTA,"CLINTON, BILL",DEMOCRAT,1020997,1.020997
1992,MINNESOTA,"BUSH, GEORGE H.W.",REPUBLICAN,747841,0.747841
1992,MISSISSIPPI,"BUSH, GEORGE H.W.",REPUBLICAN,487793,0.487793
1992,MISSISSIPPI,"CLINTON, BILL",DEMOCRAT,400258,0.400258
1992,MISSOURI,"CLINTON, BILL",DEMOCRAT,1053873,1.053873
1992,MISSOURI,"BUSH, GEORGE H.W.",REPUBLICAN,811159,0.811159
1992,MONTANA,"CLINTON, BILL",DEMOCRAT,154507,0.154507
1992,MONTANA,"BUSH, GEORGE H.W.",REPUBLICAN,144207,0.144207
1992,NEBRASKA,"BUSH, GEORGE H.W.",REPUBLICAN,343678,0.343678
1992,NEBRASKA,"CLINTON, BILL",DEMOCRAT,216864,0.216864
1992,NEVADA,"CLINTON, BILL",DEMOCRAT,189148,0.189148
1992,NEVADA,"BUSH, GEORGE H.W.",REPUBLICAN,175828,0.175828
1992,NEW HAMPSHIRE,"CLINTON, BILL",DEMOCRAT,209040,0.20904
1992,NEW HAMPSHIRE,"BUSH, GEORGE H.W.",REPUBLICAN,202484,0.202484
1992,NEW JERSEY,"CLINTON, BILL",DEMOCRAT,1436206,1.436206
1992,NEW JERSEY,"BUSH, GEORGE H.W.",REPUBLICAN,1356865,1.356865
1992,NEW MEXICO,"CLINTON, BILL",DEMOCRAT,261617,0.261617
1992,NEW MEXICO,"BUSH, GEORGE H.W.",REPUBLICAN,212824,0.212824
1992,NEW YORK,"CLINTON, BILL",DEMOCRAT,3346894,3.346894
1992,NEW YORK,"BUSH, GEORGE H.W.",REPUBLICAN,2041690,2.04169
1992,NORTH CAROLINA,"BUSH, GEORGE H.W.",REPUBLICAN,1134661,1.134661
1992,NORTH CAROLINA,"CLINTON, BILL",DEMOCRAT,1114042,1.114042
1992,NORTH DAKOTA,"BUSH, GEORGE H.W.",REPUBLICAN,136244,0.136244
1992,NORTH DAKOTA,"CLINTON, BILL",DEMOCRAT,99168,0.099168
1992,OHIO,"CLINTON, BILL",DEMOCRAT,1984942,1.984942
1992,OHIO,"BUSH, GEORGE H.W.",REPUBLICAN,1894310,1.89431
1992,OKLAHOMA,"BUSH, GEORGE H.W.",REPUBLICAN,592929,0.592929
1992,OKLAHOMA,"CLINTON, BILL",DEMOCRAT,473066,0.473066
1992,OREGON,"CLINTON, BILL",DEMOCRAT,621314,0.621314
1992,OREGON,"BUSH, GEORGE H.W.",REPUBLICAN,475757,0.475757
1992,PENNSYLVANIA,"CLINTON, BILL",DEMOCRAT,2239164,2.239164
1992,PENNSYLVANIA,"BUSH, GEORGE H.W.",REPUBLICAN,1791841,1.791841
1992,RHODE ISLAND,"CLINTON, BILL",DEMOCRAT,213299,0.213299
1992,RHODE ISLAND,"BUSH, GEORGE H.W.",REPUBLICAN,131601,0.131601
1992,SOUTH CAROLINA,"BUSH, GEORGE H.W.",REPUBLICAN,577507,0.577507
1992,SOUTH CAROLINA,"CLINTON, BILL",DEMOCRAT,525514,0.525514
1992,SOUTH DAKOTA,"BUSH, GEORGE H.W.",REPUBLICAN,136718,0.136718
1992,SOUTH DAKOTA,"CLINTON, BILL",DEMOCRAT,124888,0.124888
1992,TENNESSEE,"CLINTON, BILL",DEMOCRAT,933521,0.933521
1992,TENNESSEE,"BUSH, GEORGE H.W.",REPUBLICAN,841300,0.8413
1992,TEXAS,"BUSH, GEORGE H.W.",REPUBLICAN,2496071,2.496071
1992,TEXAS,"CLINTON, BILL",DEMOCRAT,2281815,2.281815
1992,UTAH,"BUSH, GEORGE H.W.",REPUBLICAN,322632,0.322632
1992,UTAH,"CLINTON, BILL",DEMOCRAT,183429,0.183429
1992,VERMONT,"CLINTON, BILL",DEMOCRAT,133592,0.133592
1992,VERMONT,"BUSH, GEORGE H.W.",REPUBLICAN,88122,0.088122
1992,VIRGINIA,"BUSH, GEORGE H.W.",REPUBLICAN,1150517,1.150517
1992,VIRGINIA,"CLINTON, BILL",DEMOCRAT,1038650,1.03865
1992,WASHINGTON,"CLINTON, BILL",DEMOCRAT,993037,0.993037
1992,WASHINGTON,"BUSH, GEORGE H.W.",REPUBLICAN,731234,0.731234
1992,WEST VIRGINIA,"CLINTON, BILL",DEMOCRAT,331001,0.331001
1992,WEST VIRGINIA,"BUSH, GEORGE H.W.",REPUBLICAN,241974,0.241974
1992,WISCONSIN,"CLINTON, BILL",DEMOCRAT,1041066,1.041066
1992,WISCONSIN,"BUSH, GEORGE H.W.",REPUBLICAN,930855,0.930855
1992,WYOMING,"BUSH, GEORGE H.W.",REPUBLICAN,79347,0.079347
1992,WYOMING,"CLINTON, BILL",DEMOCRAT,68160,0.06816
1996,ALABAMA,"DOLE, ROBERT",REPUBLICAN,769044,0.769044
1996,ALABAMA,"CLINTON, BILL",DEMOCRAT,662165,0.662165
1996,ALASKA,"DOLE, ROBERT",REPUBLICAN,122746,0.122746
1996,ALASKA,"CLINTON, BILL",DEMOCRAT,80380,0.08038
1996,ARIZONA,"CLINTON, BILL",DEMOCRAT,653288,0.653288
1996,ARIZONA,"DOLE, ROBERT",REPUBLICAN,622073,0.622073
1996,ARKANSAS,"CLINTON, BILL",DEMOCRAT,475171,0.475171
1996,ARKANSAS,"DOLE, ROBERT",REPUBLICAN,325416,0.325416
1996,CALIFORNIA,"CLINTON, BILL",DEMOCRAT,5119835,5.119835
1996,CALIFORNIA,"DOLE, ROBERT",REPUBLICAN,3828381,3.828381
1996,COLORADO,"DOLE, ROBERT",REPUBLICAN,691848,0.691848
1996,COLORADO,"CLINTON, BILL",DEMOCRAT,671152,0.671152
1996,CONNECTICUT,"CLINTON, BILL",DEMOCRAT,735740,0.73574
1996,CONNECTICUT,"DOLE, ROBERT",REPUBLICAN,483109,0.483109
1996,DELAWARE,"CLINTON, BILL",DEMOCRAT,140355,0.140355
1996,DELAWARE,"DOLE, ROBERT",REPUBLICAN,99062,0.099062
1996,DISTRICT OF COLUMBIA,"CLINTON, BILL",DEMOCRAT,158220,0.15822
1996,DISTRICT OF COLUMBIA,"DOLE, ROBERT",REPUBLICAN,17339,0.017339
1996,FLORIDA,"CLINTON, BILL",DEMOCRAT,2546870,2.54687
1996,FLORIDA,"DOLE, ROBERT",REPUBLICAN,2244536,2.244536
1996,GEORGIA,"DOLE, ROBERT",REPUBLICAN,1080843,1.080843
1996,GEORGIA,"CLINTON, BILL",DEMOCRAT,1053849,1.053849
1996,HAWAII,"CLINTON, BILL",DEMOCRAT,205012,0.205012
1996,HAWAII,"DOLE, ROBERT",REPUBLICAN,113943,0.113943
1996,IDAHO,"DOLE, ROBERT",REPUBLICAN,256595,0.256595
1996,IDAHO,"CLINTON, BILL",DEMOCRAT,165443,0.165443
1996,ILLINOIS,"CLINTON, BILL",DEMOCRAT,2341744,2.341744
1996,ILLINOIS,"DOLE, ROBERT",REPUBLICAN,1587021,1.587021
1996,INDIANA,"DOLE, ROBERT",REPUBLICAN,1006693,1.006693
1996,INDIANA,"CLINTON, BILL",DEMOCRAT,887424,0.887424
1996,IOWA,"CLINTON, BILL",DEMOCRAT,620258,0.620258
1996,IOWA,"DOLE, ROBERT",REPUBLICAN,492644,0.492644
1996,KANSAS,"DOLE, ROBERT",REPUBLICAN,583245,0.583245
1996,KANSAS,"CLINTON, BILL",DEMOCRAT,387659,0.387659
1996,KENTUCKY,"CLINTON, BILL",DEMOCRAT,636614,0.636614
1996,KENTUCKY,"DOLE, ROBERT",REPUBLICAN,623283,0.623283
1996,LOUISIANA,"CLINTON, BILL",DEMOCRAT,927837,0.927837
1996,LOUISIANA,"DOLE, ROBERT",REPUBLICAN,712586,0.712586
1996,MAINE,"CLINTON, BILL",DEMOCRAT,312788,0.312788
1996,MAINE,"DOLE, ROBERT",REPUBLICAN,186378,0.186378
1996,MARYLAND,"CLINTON, BILL",DEMOCRAT,966207,0.966207
1996,MARYLAND,"DOLE, ROBERT",REPUBLICAN,681530,0.68153
1996,MASSACHUSETTS,"CLINTON, BILL",DEMOCRAT,1571509,1.571509
1996,MASSACHUSETTS,"DOLE, ROBERT",REPUBLICAN,718058,0.718058
1996,MICHIGAN,"CLINTON, BILL",DEMOCRAT,1989653,1.989653
1996,MICHIGAN,"DOLE, ROBERT",REPUBLICAN,1481212,1.481212
1996,MINNESOTA,"CLINTON, BILL",DEMOCRAT,1120380,1.12038
1996,MINNESOTA,"DOLE, ROBERT",REPUBLICAN,766395,0.766395
1996,MISSISSIPPI,"DOLE, ROBERT",REPUBLICAN,439838,0.439838
1996,MISSISSIPPI,"CLINTON, BILL",DEMOCRAT,394022,0.394022
1996,MISSOURI,"CLINTON, BILL",DEMOCRAT,1025935,1.025935
1996,MISSOURI,"DOLE, ROBERT",REPUBLICAN,890016,0.890016
1996,MONTANA,"DOLE, ROBERT",REPUBLICAN,179652,0.179652
1996,MONTANA,"CLINTON, BILL",DEMOCRAT,167922,0.167922
1996,NEBRASKA,"DOLE, ROBERT",REPUBLICAN,363467,0.363467
1996,NEBRASKA,"CLINTON, BILL",DEMOCRAT,236761,0.236761
1996,NEVADA,"CLINTON, BILL",DEMOCRAT,203974,0.203974
1996,NEVADA,"DOLE, ROBERT",REPUBLICAN,199244,0.199244
1996,NEW HAMPSHIRE,"CLINTON, BILL",DEMOCRAT,246166,0.246166
1996,NEW HAMPSHIRE,"DOLE, ROBERT",REPUBLICAN,196486,0.196486
1996,NEW JERSEY,"CLINTON, BILL",DEMOCRAT,1652361,1.652361
1996,NEW JERSEY,"DOLE, ROBERT",REPUBLICAN,1103099,1.103099
1996,NEW MEXICO,"CLINTON, BILL",DEMOCRAT,273495,0.273495
1996,NEW MEXICO,"DOLE, ROBERT",REPUBLICAN,232751,0.232751
1996,NEW YORK,"CLINTON, BILL",DEMOCRAT,3649630,3.64963
1996,NEW YORK,"DOLE, ROBERT",REPUBLICAN,1738707,1.738707
1996,NORTH CAROLINA,"DOLE, ROBERT",REPUBLICAN,1225938,1.225938
1996,NORTH CAROLINA,"CLINTON, BILL",DEMOCRAT,1107849,1.107849
1996,NORTH DAKOTA,"DOLE, ROBERT",REPUBLICAN,125050,0.12505
1996,NORTH DAKOTA,"CLINTON, BILL",DEMOCRAT,106905,0.106905
1996,OHIO,"CLINTON, BILL",DEMOCRAT,2148222,2.148222
1996,OHIO,"DOLE, ROBERT",REPUBLICAN,1859883,1.859883
1996,OKLAHOMA,"DOLE, ROBERT",REPUBLICAN,582315,0.582315
1996,OKLAHOMA,"CLINTON, BILL",DEMOCRAT,488105,0.488105
1996,OREGON,"CLINTON, BILL",DEMOCRAT,649641,0.649641
1996,OREGON,"DOLE, ROBERT",REPUBLICAN,538152,0.538152
1996,PENNSYLVANIA,"CLINTON, BILL",DEMOCRAT,2215819,2.215819
1996,PENNSYLVANIA,"DOLE, ROBERT",REPUBLICAN,1801169,1.801169
1996,RHODE ISLAND,"CLINTON, BILL",DEMOCRAT,233050,0.23305
1996,RHODE ISLAND,"DOLE, ROBERT",REPUBLICAN,104683,0.104683
1996,SOUTH CAROLINA,"DOLE, ROBERT",REPUBLICAN,573339,0.573339
1996,SOUTH CAROLINA,"CLINTON, BILL",DEMOCRAT,506152,0.506152
1996,SOUTH DAKOTA,"DOLE, ROBERT",REPUBLICAN,150543,0.150543
1996,SOUTH DAKOTA,"CLINTON, BILL",DEMOCRAT,139333,0.139333
1996,TENNESSEE,"CLINTON, BILL",DEMOCRAT,909146,0.909146
1996,TENNESSEE,"DOLE, ROBERT",REPUBLICAN,863530,0.86353
1996,TEXAS,"DOLE, ROBERT",REPUBLICAN,2736167,2.736167
1996,TEXAS,"CLINTON, BILL",DEMOCRAT,2459683,2.459683
1996,UTAH,"DOLE, ROBERT",REPUBLICAN,361911,0.361911
1996,UTAH,"CLINTON, BILL",DEMOCRAT,221633,0.221633
1996,VERMONT,"CLINTON, BILL",DEMOCRAT,137894,0.137894
1996,VERMONT,"DOLE, ROBERT",REPUBLICAN,80352,0.080352
1996,VIRGINIA,"DOLE, ROBERT",REPUBLICAN,1138350,1.13835
1996,VIRGINIA,"CLINTON, BILL",DEMOCRAT,1091060,1.09106
1996,WASHINGTON,"CLINTON, BILL",DEMOCRAT,1123323,1.123323
1996,WASHINGTON,"DOLE, ROBERT",REPUBLICAN,840712,0.840712
1996,WEST VIRGINIA,"CLINTON, BILL",DEMOCRAT,327812,0.327812
1996,WEST VIRGINIA,"DOLE, ROBERT",REPUBLICAN,233946,0.233946
1996,WISCONSIN,"CLINTON, BILL",DEMOCRAT,1071971,1.071971
1996,WISCONSIN,"DOLE, ROBERT",REPUBLICAN,845029,0.845029
1996,WYOMING,"DOLE, ROBERT",REPUBLICAN,105388,0.105388
1996,WYOMING,"CLINTON, BILL",DEMOCRAT,77934,0.077934
2000,ALABAMA,"BUSH, GEORGE W.",REPUBLICAN,941173,0.941173
2000,ALABAMA,"GORE, AL",DEMOCRAT,692611,0.692611
2000,ALASKA,"BUSH, GEORGE W.",REPUBLICAN,167398,0.167398
2000,ALASKA,"GORE, AL",DEMOCRAT,79004,0.079004
2000,ARIZONA,"BUSH, GEORGE W.",REPUBLICAN,781652,0.781652
2000,ARIZONA,"GORE, AL",DEMOCRAT,685341,0.685341
2000,ARKANSAS,"BUSH, GEORGE W.",REPUBLICAN,472940,0.47294
2000,ARKANSAS,"GORE, AL",DEMOCRAT,422768,0.422768
2000,CALIFORNIA,"GORE, AL",DEMOCRAT,5861203,5.861203
2000,CALIFORNIA,"BUSH, GEORGE W.",REPUBLICAN,4567429,4.567429
2000,COLORADO,"BUSH, GEORGE W.",REPUBLICAN,883748,0.883748
2000,COLORADO,"GORE, AL",DEMOCRAT,738227,0.738227
2000,CONNECTICUT,"GORE, AL",DEMOCRAT,816015,0.816015
2000,CONNECTICUT,"BUSH, GEORGE W.",REPUBLICAN,561094,0.561094
2000,DELAWARE,"GORE, AL",DEMOCRAT,180068,0.180068
2000,DELAWARE,"BUSH, GEORGE W.",REPUBLICAN,137288,0.137288
2000,DISTRICT OF COLUMBIA,"GORE, AL",DEMOCRAT,171923,0.171923
2000,DISTRICT OF COLUMBIA,"BUSH, GEORGE W.",REPUBLICAN,18073,0.018073
2000,FLORIDA,"BUSH, GEORGE W.",REPUBLICAN,2912790,2.91279
2000,FLORIDA,"GORE, AL",DEMOCRAT,2912253,2.912253
2000,GEORGIA,"BUSH, GEORGE W.",REPUBLICAN,1419720,1.41972
2000,GEORGIA,"GORE, AL",DEMOCRAT,1116230,1.11623
2000,HAWAII,"GORE, AL",DEMOCRAT,205286,0.205286
2000,HAWAII,"BUSH, GEORGE W.",REPUBLICAN,137845,0.137845
2000,IDAHO,"BUSH, GEORGE W.",REPUBLICAN,336937,0.336937
2000,IDAHO,"GORE, AL",DEMOCRAT,138637,0.138637
2000,ILLINOIS,"GORE, AL",DEMOCRAT,2589026,2.589026
2000,ILLINOIS,"BUSH, GEORGE W.",REPUBLICAN,2019421,2.019421
2000,INDIANA,"BUSH, GEORGE W.",REPUBLICAN,1245836,1.245836
2000,INDIANA,"GORE, AL",DEMOCRAT,901980,0.90198
2000,IOWA,"GORE, AL",DEMOCRAT,638517,0.638517
2000,IOWA,"BUSH, GEORGE W.",REPUBLICAN,634373,0.634373
2000,KANSAS,"BUSH, GEORGE W.",REPUBLICAN,622332,0.622332
2000,KANSAS,"GORE, AL",DEMOCRAT,399276,0.399276
2000,KENTUCKY,"BUSH, GEORGE W.",REPUBLICAN,872520,0.87252
2000,KENTUCKY,"GORE, AL",DEMOCRAT,638923,0.638923
2000,LOUISIANA,"BUSH, GEORGE W.",REPUBLICAN,927871,0.927871
2000,LOUISIANA,"GORE, AL",DEMOCRAT,792344,0.792344
2000,MAINE,"GORE, AL",DEMOCRAT,319951,0.319951
2000,MAINE,"BUSH, GEORGE W.",REPUBLICAN,286616,0.286616
2000,MARYLAND,"GORE, AL",DEMOCRAT,1144008,1.144008
2000,MARYLAND,"BUSH, GEORGE W.",REPUBLICAN,813827,0.813827
2000,MASSACHUSETTS,"GORE, AL",DEMOCRAT,1616487,1.616487
2000,MASSACHUSETTS,"BUSH, GEORGE W.",REPUBLICAN,878502,0.878502
2000,MICHIGAN,"GORE, AL",DEMOCRAT,2170418,2.170418
2000,MICHIGAN,"BUSH, GEORGE W.",REPUBLICAN,1953139,1.953139
2000,MINNESOTA,"GORE, AL",DEMOCRAT,1168266,1.168266
2000,MINNESOTA,"BUSH, GEORGE W.",REPUBLICAN,1109659,1.109659
2000,MISSISSIPPI,"BUSH, GEORGE W.",REPUBLICAN,572844,0.572844
2000,MISSISSIPPI,"GORE, AL",DEMOCRAT,404614,0.404614
2000,MISSOURI,"BUSH, GEORGE W.",REPUBLICAN,1189924,1.189924
2000,MISSOURI,"GORE, AL",DEMOCRAT,1111138,1.111138
2000,MONTANA,"BUSH, GEORGE W.",REPUBLICAN,240178,0.240178
2000,MONTANA,"GORE, AL",DEMOCRAT,137126,0.137126
2000,NEBRASKA,"BUSH, GEORGE W.",REPUBLICAN,433862,0.433862
2000,NEBRASKA,"GORE, AL",DEMOCRAT,231780,0.23178
2000,NEVADA,"BUSH, GEORGE W.",REPUBLICAN,301575,0.301575
2000,NEVADA,"GORE, AL",DEMOCRAT,279978,0.279978
2000,NEW HAMPSHIRE,"BUSH, GEORGE W.",REPUBLICAN,273559,0.273559
2000,NEW HAMPSHIRE,"GORE, AL",DEMOCRAT,266348,0.266348
2000,NEW JERSEY,"GORE, AL",DEMOCRAT,1788850,1.78885
2000,NEW JERSEY,"BUSH, GEORGE W.",REPUBLICAN,1284173,1.284173
2000,NEW MEXICO,"GORE, AL",DEMOCRAT,286783,0.286783
2000,NEW MEXICO,"BUSH, GEORGE W.",REPUBLICAN,286417,0.286417
2000,NEW YORK,"GORE, AL",DEMOCRAT,3942215,3.942215
2000,NEW YORK,"BUSH, GEORGE W.",REPUBLICAN,2258577,2.258577
2000,NORTH CAROLINA,"BUSH, GEORGE W.",REPUBLICAN,1631163,1.631163
2000,NORTH CAROLINA,"GORE, AL",DEMOCRAT,1257692,1.257692
2000,NORTH DAKOTA,"BUSH, GEORGE W.",REPUBLICAN,174852,0.174852
2000,NORTH DAKOTA,"GORE, AL",DEMOCRAT,95284,0.095284
2000,OHIO,"BUSH, GEORGE W.",REPUBLICAN,2350363,2.350363
2000,OHIO,"GORE, AL",DEMOCRAT,2183628,2.183628
2000,OKLAHOMA,"BUSH, GEORGE W.",REPUBLICAN,744337,0.744337
2000,OKLAHOMA,"GORE, AL",DEMOCRAT,474276,0.474276
2000,OREGON,"GORE, AL",DEMOCRAT,720342,0.720342
2000,OREGON,"BUSH, GEORGE W.",REPUBLICAN,713577,0.713577
2000,PENNSYLVANIA,"GORE, AL",DEMOCRAT,2485967,2.485967
2000,PENNSYLVANIA,"BUSH, GEORGE W.",REPUBLICAN,2281127,2.281127
2000,RHODE ISLAND,"GORE, AL",DEMOCRAT,249508,0.249508
2000,RHODE ISLAND,"BUSH, GEORGE W.",REPUBLICAN,130555,0.130555
2000,SOUTH CAROLINA,"BUSH, GEORGE W.",REPUBLICAN,786892,0.786892
2000,SOUTH CAROLINA,"GORE, AL",DEMOCRAT,566037,0.566037
2000,SOUTH DAKOTA,"BUSH, GEORGE W.",REPUBLICAN,190700,0.1907
2000,SOUTH DAKOTA,"GORE, AL",DEMOCRAT,118804,0.118804
2000,TENNESSEE,"BUSH, GEORGE W.",REPUBLICAN,1061949,1.061949
2000,TENNESSEE,"GORE, AL",DEMOCRAT,981720,0.98172
2000,TEXAS,"BUSH, GEORGE W.",REPUBLICAN,3799639,3.799639
2000,TEXAS,"GORE, AL",DEMOCRAT,2433746,2.433746
2000,UTAH,"BUSH, GEORGE W.",REPUBLICAN,515096,0.515096
2000,UTAH,"GORE, AL",DEMOCRAT,203053,0.203053
2000,VERMONT,"GORE, AL",DEMOCRAT,149022,0.149022
2000,VERMONT,"BUSH, GEORGE W.",REPUBLICAN,119775,0.119775
2000,VIRGINIA,"BUSH, GEORGE W.",REPUBLICAN,1437490,1.43749
2000,VIRGINIA,"GORE, AL",DEMOCRAT,1217290,1.21729
2000,WASHINGTON,"GORE, AL",DEMOCRAT,1247652,1.247652
2000,WASHINGTON,"BUSH, GEORGE W.",REPUBLICAN,1108864,1.108864
2000,WEST VIRGINIA,"BUSH, GEORGE W.",REPUBLICAN,336475,0.336475
2000,WEST VIRGINIA,"GORE, AL",DEMOCRAT,295497,0.295497
2000,WISCONSIN,"GORE, AL",DEMOCRAT,1242987,1.242987
2000,WISCONSIN,"BUSH, GEORGE W.",REPUBLICAN,1237279,1.237279
2000,WYOMING,"BUSH, GEORGE W.",REPUBLICAN,147947,0.147947
2000,WYOMING,"GORE, AL",DEMOCRAT,60481,0.060481
2004,ALABAMA,"BUSH, GEORGE W.",REPUBLICAN,1176394,1.176394
2004,ALABAMA,"KERRY, JOHN",DEMOCRAT,693933,0.693933
2004,ALASKA,"BUSH, GEORGE W.",REPUBLICAN,190889,0.190889
2004,ALASKA,"KERRY, JOHN",DEMOCRAT,111025,0.111025
2004,ARIZONA,"BUSH, GEORGE W.",REPUBLICAN,1104294,1.104294
2004,ARIZONA,"KERRY, JOHN",DEMOCRAT,893524,0.893524
2004,ARKANSAS,"BUSH, GEORGE W.",REPUBLICAN,572898,0.572898
2004,ARKANSAS,"KERRY, JOHN",DEMOCRAT,469953,0.469953
2004,CALIFORNIA,"KERRY, JOHN",DEMOCRAT,6745485,6.745485
2004,CALIFORNIA,"BUSH, GEORGE W.",REPUBLICAN,5509826,5.509826
2004,COLORADO,"BUSH, GEORGE W.",REPUBLICAN,1101255,1.101255
2004,COLORADO,"KERRY, JOHN",DEMOCRAT,1001732,1.001732
2004,CONNECTICUT,"KERRY, JOHN",DEMOCRAT,857488,0.857488
2004,CONNECTICUT,"BUSH, GEORGE W.",REPUBLICAN,693826,0.693826
2004,DELAWARE,"KERRY, JOHN",DEMOCRAT,200152,0.200152
2004,DELAWARE,"BUSH, GEORGE W.",REPUBLICAN,171660,0.17166
2004,DISTRICT OF COLUMBIA,"KERRY, JOHN",DEMOCRAT,202970,0.20297
2004,DISTRICT OF COLUMBIA,"BUSH, GEORGE W.",REPUBLICAN,21256,0.021256
2004,FLORIDA,"BUSH, GEORGE W.",REPUBLICAN,3964522,3.964522
2004,FLORIDA,"KERRY, JOHN",DEMOCRAT,3583544,3.583544
2004,GEORGIA,"BUSH, GEORGE W.",REPUBLICAN,1914254,1.914254
2004,GEORGIA,"KERRY, JOHN",DEMOCRAT,1366149,1.366149
2004,HAWAII,"KERRY, JOHN",DEMOCRAT,231708,0.231708
2004,HAWAII,"BUSH, GEORGE W.",REPUBLICAN,194191,0.194191
2004,IDAHO,"BUSH, GEORGE W.",REPUBLICAN,409235,0.409235
2004,IDAHO,"KERRY, JOHN",DEMOCRAT,181098,0.181098
2004,ILLINOIS,"KERRY, JOHN",DEMOCRAT,2891550,2.89155
2004,ILLINOIS,"BUSH, GEORGE W.",REPUBLICAN,2345946,2.345946
2004,INDIANA,"BUSH, GEORGE W.",REPUBLICAN,1479438,1.479438
2004,INDIANA,"KERRY, JOHN",DEMOCRAT,969011,0.969011
2004,IOWA,"BUSH, GEORGE W.",REPUBLICAN,751957,0.751957
2004,IOWA,"KERRY, JOHN",DEMOCRAT,741898,0.741898
2004,KANSAS,"BUSH, GEORGE W.",REPUBLICAN,736456,0.736456
2004,KANSAS,"KERRY, JOHN",DEMOCRAT,434993,0.434993
2004,KENTUCKY,"BUSH, GEORGE W.",REPUBLICAN,1069439,1.069439
2004,KENTUCKY,"KERRY, JOHN",DEMOCRAT,712733,0.712733
2004,LOUISIANA,"BUSH, GEORGE W.",REPUBLICAN,1102169,1.102169
2004,LOUISIANA,"KERRY, JOHN",DEMOCRAT,820299,0.820299
2004,MAINE,"KERRY, JOHN",DEMOCRAT,396842,0.396842
2004,MAINE,"BUSH, GEORGE W.",REPUBLICAN,330201,0.330201
2004,MARYLAND,"KERRY, JOHN",DEMOCRAT,1334493,1.334493
2004,MARYLAND,"BUSH, GEORGE W.",REPUBLICAN,1024703,1.024703
2004,MARYLAND,OTHER,DEMOCRAT,7,7e-6
2004,MASSACHUSETTS,"KERRY, JOHN",DEMOCRAT,1803800,1.8038
2004,MASSACHUSETTS,"BUSH, GEORGE W.",REPUBLICAN,1071109,1.071109
2004,MICHIGAN,"KERRY, JOHN",DEMOCRAT,2479183,2.479183
2004,MICHIGAN,"BUSH, GEORGE W.",REPUBLICAN,2313746,2.313746
2004,MINNESOTA,"KERRY, JOHN",DEMOCRAT,1445014,1.445014
2004,MINNESOTA,"BUSH, GEORGE W.",REPUBLICAN,1346695,1.346695
2004,MISSISSIPPI,"BUSH, GEORGE W.",REPUBLICAN,672660,0.67266
2004,MISSISSIPPI,"KERRY, JOHN",DEMOCRAT,457766,0.457766
2004,MISSOURI,"BUSH, GEORGE W.",REPUBLICAN,1455713,1.455713
2004,MISSOURI,"KERRY, JOHN",DEMOCRAT,1259171,1.259171
2004,MONTANA,"BUSH, GEORGE W.",REPUBLICAN,266063,0.266063
2004,MONTANA,"KERRY, JOHN",DEMOCRAT,173710,0.17371
2004,NEBRASKA,"BUSH, GEORGE W.",REPUBLICAN,512814,0.512814
2004,NEBRASKA,"KERRY, JOHN",DEMOCRAT,254328,0.254328
2004,NEVADA,"BUSH, GEORGE W.",REPUBLICAN,418690,0.41869
2004,NEVADA,"KERRY, JOHN",DEMOCRAT,397190,0.39719
2004,NEW HAMPSHIRE,"KERRY, JOHN",DEMOCRAT,340511,0.340511
2004,NEW HAMPSHIRE,"BUSH, GEORGE W.",REPUBLICAN,331237,0.331237
2004,NEW JERSEY,"KERRY, JOHN",DEMOCRAT,1911430,1.91143
2004,NEW JERSEY,"BUSH, GEORGE W.",REPUBLICAN,1670003,1.670003
2004,NEW MEXICO,"BUSH, GEORGE W.",REPUBLICAN,376930,0.37693
2004,NEW MEXICO,"KERRY, JOHN",DEMOCRAT,370942,0.370942
2004,NEW YORK,"KERRY, JOHN",DEMOCRAT,4180755,4.1807550000000004
2004,NEW YORK,"BUSH, GEORGE W.",REPUBLICAN,2806993,2.806993
2004,NORTH CAROLINA,"BUSH, GEORGE W.",REPUBLICAN,1961166,1.961166
2004,NORTH CAROLINA,"KERRY, JOHN",DEMOCRAT,1525849,1.525849
2004,NORTH DAKOTA,"BUSH, GEORGE W.",REPUBLICAN,196651,0.196651
2004,NORTH DAKOTA,"KERRY, JOHN",DEMOCRAT,111052,0.111052
2004,OHIO,"BUSH, GEORGE W.",REPUBLICAN,2859764,2.859764
2004,OHIO,"KERRY, JOHN",DEMOCRAT,2741165,2.741165
2004,OKLAHOMA,"BUSH, GEORGE W.",REPUBLICAN,959792,0.959792
2004,OKLAHOMA,"KERRY, JOHN",DEMOCRAT,503966,0.503966
2004,OREGON,"KERRY, JOHN",DEMOCRAT,943163,0.943163
2004,OREGON,"BUSH, GEORGE W.",REPUBLICAN,866831,0.866831
2004,PENNSYLVANIA,"KERRY, JOHN",DEMOCRAT,2938095,2.938095
2004,PENNSYLVANIA,"BUSH, GEORGE W.",REPUBLICAN,2793847,2.793847
2004,RHODE ISLAND,"KERRY, JOHN",DEMOCRAT,259760,0.25976
2004,RHODE ISLAND,"BUSH, GEORGE W.",REPUBLICAN,169046,0.169046
2004,SOUTH CAROLINA,"BUSH, GEORGE W.",REPUBLICAN,937974,0.937974
2004,SOUTH CAROLINA,"KERRY, JOHN",DEMOCRAT,661669,0.661669
2004,SOUTH DAKOTA,"BUSH, GEORGE W.",REPUBLICAN,232584,0.232584
2004,SOUTH DAKOTA,"KERRY, JOHN",DEMOCRAT,149244,0.149244
2004,TENNESSEE,"BUSH, GEORGE W.",REPUBLICAN,1384375,1.384375
2004,TENNESSEE,"KERRY, JOHN",DEMOCRAT,1036477,1.036477
2004,TEXAS,"BUSH, GEORGE W.",REPUBLICAN,4526917,4.526917
2004,TEXAS,"KERRY, JOHN",DEMOCRAT,2832704,2.832704
2004,UTAH,"BUSH, GEORGE W.",REPUBLICAN,663742,0.663742
2004,UTAH,"KERRY, JOHN",DEMOCRAT,241199,0.241199
2004,VERMONT,"KERRY, JOHN",DEMOCRAT,184067,0.184067
2004,VERMONT,"BUSH, GEORGE W.",REPUBLICAN,121180,0.12118
2004,VIRGINIA,"BUSH, GEORGE W.",REPUBLICAN,1716959,1.716959
2004,VIRGINIA,"KERRY, JOHN",DEMOCRAT,1454742,1.454742
2004,WASHINGTON,"KERRY, JOHN",DEMOCRAT,1510201,1.510201
2004,WASHINGTON,"BUSH, GEORGE W.",REPUBLICAN,1304894,1.304894
2004,WEST VIRGINIA,"BUSH, GEORGE W.",REPUBLICAN,423778,0.423778
2004,WEST VIRGINIA,"KERRY, JOHN",DEMOCRAT,326541,0.326541
2004,WISCONSIN,"KERRY, JOHN",DEMOCRAT,1489504,1.489504
2004,WISCONSIN,"BUSH, GEORGE W.",REPUBLICAN,1478120,1.47812
2004,WYOMING,"BUSH, GEORGE W.",REPUBLICAN,167629,0.167629
2004,WYOMING,"KERRY, JOHN",DEMOCRAT,70776,0.070776
2008,ALABAMA,"MCCAIN, JOHN",REPUBLICAN,1266546,1.266546
2008,ALABAMA,"OBAMA, BARACK H.",DEMOCRAT,813479,0.813479
2008,ALASKA,"MCCAIN, JOHN",REPUBLICAN,193841,0.193841
2008,ALASKA,"OBAMA, BARACK H.",DEMOCRAT,123594,0.123594
2008,ARIZONA,"MCCAIN, JOHN",REPUBLICAN,1230111,1.230111
2008,ARIZONA,"OBAMA, BARACK H.",DEMOCRAT,1034707,1.034707
2008,ARKANSAS,"MCCAIN, JOHN",REPUBLICAN,638017,0.638017
2008,ARKANSAS,"OBAMA, BARACK H.",DEMOCRAT,422310,0.42231
2008,CALIFORNIA,"OBAMA, BARACK H.",DEMOCRAT,8274473,8.274473
2008,CALIFORNIA,"MCCAIN, JOHN",REPUBLICAN,5011781,5.011781
2008,COLORADO,"OBAMA, BARACK H.",DEMOCRAT,1288576,1.288576
2008,COLORADO,"MCCAIN, JOHN",REPUBLICAN,1073589,1.073589
2008,CONNECTICUT,"OBAMA, BARACK H.",DEMOCRAT,997772,0.997772
2008,CONNECTICUT,"MCCAIN, JOHN",REPUBLICAN,629428,0.629428
2008,DELAWARE,"OBAMA, BARACK H.",DEMOCRAT,255459,0.255459
2008,DELAWARE,"MCCAIN, JOHN",REPUBLICAN,152374,0.152374
2008,DISTRICT OF COLUMBIA,"OBAMA, BARACK H.",DEMOCRAT,245800,0.2458
2008,DISTRICT OF COLUMBIA,"MCCAIN, JOHN",REPUBLICAN,17367,0.017367
2008,FLORIDA,"OBAMA, BARACK H.",DEMOCRAT,4282074,4.282074
2008,FLORIDA,"MCCAIN, JOHN",REPUBLICAN,4045624,4.045624
2008,GEORGIA,"MCCAIN, JOHN",REPUBLICAN,2048759,2.048759
2008,GEORGIA,"OBAMA, BARACK H.",DEMOCRAT,1844123,1.844123
2008,HAWAII,"OBAMA, BARACK H.",DEMOCRAT,325871,0.325871
2008,HAWAII,"MCCAIN, JOHN",REPUBLICAN,120566,0.120566
2008,IDAHO,"MCCAIN, JOHN",REPUBLICAN,403012,0.403012
2008,IDAHO,"OBAMA, BARACK H.",DEMOCRAT,236440,0.23644
2008,ILLINOIS,"OBAMA, BARACK H.",DEMOCRAT,3419348,3.419348
2008,ILLINOIS,"MCCAIN, JOHN",REPUBLICAN,2031179,2.031179
2008,INDIANA,"OBAMA, BARACK H.",DEMOCRAT,1374039,1.374039
2008,INDIANA,"MCCAIN, JOHN",REPUBLICAN,1345648,1.345648
2008,IOWA,"OBAMA, BARACK H.",DEMOCRAT,828940,0.82894
2008,IOWA,"MCCAIN, JOHN",REPUBLICAN,682379,0.682379
2008,KANSAS,"MCCAIN, JOHN",REPUBLICAN,699655,0.699655
2008,KANSAS,"OBAMA, BARACK H.",DEMOCRAT,514765,0.514765
2008,KENTUCKY,"MCCAIN, JOHN",REPUBLICAN,1048462,1.048462
2008,KENTUCKY,"OBAMA, BARACK H.",DEMOCRAT,751985,0.751985
2008,LOUISIANA,"MCCAIN, JOHN",REPUBLICAN,1148275,1.148275
2008,LOUISIANA,"OBAMA, BARACK H.",DEMOCRAT,782989,0.782989
2008,MAINE,"OBAMA, BARACK H.",DEMOCRAT,421923,0.421923
2008,MAINE,"MCCAIN, JOHN",REPUBLICAN,295273,0.295273
2008,MARYLAND,"OBAMA, BARACK H.",DEMOCRAT,1629467,1.629467
2008,MARYLAND,"MCCAIN, JOHN",REPUBLICAN,959862,0.959862
2008,MASSACHUSETTS,"OBAMA, BARACK H.",DEMOCRAT,1904097,1.904097
2008,MASSACHUSETTS,"MCCAIN, JOHN",REPUBLICAN,1108854,1.108854
2008,MICHIGAN,"OBAMA, BARACK H.",DEMOCRAT,2872579,2.872579
2008,MICHIGAN,"MCCAIN, JOHN",REPUBLICAN,2048639,2.048639
2008,MINNESOTA,"OBAMA, BARACK H.",DEMOCRAT,1573354,1.573354
2008,MINNESOTA,"MCCAIN, JOHN",REPUBLICAN,1275409,1.275409
2008,MISSISSIPPI,"MCCAIN, JOHN",REPUBLICAN,724597,0.724597
2008,MISSISSIPPI,"OBAMA, BARACK H.",DEMOCRAT,554662,0.554662
2008,MISSOURI,"MCCAIN, JOHN",REPUBLICAN,1445814,1.445814
2008,MISSOURI,"OBAMA, BARACK H.",DEMOCRAT,1441911,1.441911
2008,MONTANA,"MCCAIN, JOHN",REPUBLICAN,242763,0.242763
2008,MONTANA,"OBAMA, BARACK H.",DEMOCRAT,231667,0.231667
2008,NEBRASKA,"MCCAIN, JOHN",REPUBLICAN,452979,0.452979
2008,NEBRASKA,"OBAMA, BARACK H.",DEMOCRAT,333319,0.333319
2008,NEVADA,"OBAMA, BARACK H.",DEMOCRAT,533736,0.533736
2008,NEVADA,"MCCAIN, JOHN",REPUBLICAN,412827,0.412827
2008,NEW HAMPSHIRE,"OBAMA, BARACK H.",DEMOCRAT,384826,0.384826
2008,NEW HAMPSHIRE,"MCCAIN, JOHN",REPUBLICAN,316534,0.316534
2008,NEW JERSEY,"OBAMA, BARACK H.",DEMOCRAT,2215422,2.215422
2008,NEW JERSEY,"MCCAIN, JOHN",REPUBLICAN,1613207,1.613207
2008,NEW MEXICO,"OBAMA, BARACK H.",DEMOCRAT,472422,0.472422
2008,NEW MEXICO,"MCCAIN, JOHN",REPUBLICAN,346832,0.346832
2008,NEW YORK,"OBAMA, BARACK H.",DEMOCRAT,4645332,4.645332
2008,NEW YORK,"MCCAIN, JOHN",REPUBLICAN,2418323,2.418323
2008,NORTH CAROLINA,"OBAMA, BARACK H.",DEMOCRAT,2142651,2.142651
2008,NORTH CAROLINA,"MCCAIN, JOHN",REPUBLICAN,2128474,2.128474
2008,NORTH DAKOTA,"MCCAIN, JOHN",REPUBLICAN,168601,0.168601
2008,NORTH DAKOTA,"OBAMA, BARACK H.",DEMOCRAT,141278,0.141278
2008,OHIO,"OBAMA, BARACK H.",DEMOCRAT,2940044,2.940044
2008,OHIO,"MCCAIN, JOHN",REPUBLICAN,2677820,2.67782
2008,OKLAHOMA,"MCCAIN, JOHN",REPUBLICAN,960165,0.960165
2008,OKLAHOMA,"OBAMA, BARACK H.",DEMOCRAT,502496,0.502496
2008,OREGON,"OBAMA, BARACK H.",DEMOCRAT,1037291,1.037291
2008,OREGON,"MCCAIN, JOHN",REPUBLICAN,738475,0.738475
2008,PENNSYLVANIA,"OBAMA, BARACK H.",DEMOCRAT,3276363,3.276363
2008,PENNSYLVANIA,"MCCAIN, JOHN",REPUBLICAN,2655885,2.655885
2008,RHODE ISLAND,"OBAMA, BARACK H.",DEMOCRAT,296571,0.296571
2008,RHODE ISLAND,"MCCAIN, JOHN",REPUBLICAN,165391,0.165391
2008,SOUTH CAROLINA,"MCCAIN, JOHN",REPUBLICAN,1034896,1.034896
2008,SOUTH CAROLINA,"OBAMA, BARACK H.",DEMOCRAT,862449,0.862449
2008,SOUTH DAKOTA,"MCCAIN, JOHN",REPUBLICAN,203054,0.203054
2008,SOUTH DAKOTA,"OBAMA, BARACK H.",DEMOCRAT,170924,0.170924
2008,TENNESSEE,"MCCAIN, JOHN",REPUBLICAN,1479178,1.479178
2008,TENNESSEE,"OBAMA, BARACK H.",DEMOCRAT,1087437,1.087437
2008,TEXAS,"MCCAIN, JOHN",REPUBLICAN,4479328,4.479328
2008,TEXAS,"OBAMA, BARACK H.",DEMOCRAT,3528633,3.528633
2008,UTAH,"MCCAIN, JOHN",REPUBLICAN,596030,0.59603
2008,UTAH,"OBAMA, BARACK H.",DEMOCRAT,327670,0.32767
2008,VERMONT,"OBAMA, BARACK H.",DEMOCRAT,219262,0.219262
2008,VERMONT,"MCCAIN, JOHN",REPUBLICAN,98974,0.098974
2008,VIRGINIA,"OBAMA, BARACK H.",DEMOCRAT,1959532,1.959532
2008,VIRGINIA,"MCCAIN, JOHN",REPUBLICAN,1725005,1.725005
2008,WASHINGTON,"OBAMA, BARACK H.",DEMOCRAT,1750848,1.750848
2008,WASHINGTON,"MCCAIN, JOHN",REPUBLICAN,1229216,1.229216
2008,WEST VIRGINIA,"MCCAIN, JOHN",REPUBLICAN,397466,0.397466
2008,WEST VIRGINIA,"OBAMA, BARACK H.",DEMOCRAT,303857,0.303857
2008,WISCONSIN,"OBAMA, BARACK H.",DEMOCRAT,1677211,1.677211
2008,WISCONSIN,"MCCAIN, JOHN",REPUBLICAN,1262393,1.262393
2008,WYOMING,"MCCAIN, JOHN",REPUBLICAN,164958,0.164958
2008,WYOMING,"OBAMA, BARACK H.",DEMOCRAT,82868,0.082868
2012,ALABAMA,"ROMNEY, MITT",REPUBLICAN,1255925,1.255925
2012,ALABAMA,"OBAMA, BARACK H.",DEMOCRAT,795696,0.795696
2012,ALASKA,"ROMNEY, MITT",REPUBLICAN,164676,0.164676
2012,ALASKA,"OBAMA, BARACK H.",DEMOCRAT,122640,0.12264
2012,ARIZONA,"ROMNEY, MITT",REPUBLICAN,1233654,1.233654
2012,ARIZONA,"OBAMA, BARACK H.",DEMOCRAT,1025232,1.025232
2012,ARKANSAS,"ROMNEY, MITT",REPUBLICAN,647744,0.647744
2012,ARKANSAS,"OBAMA, BARACK H.",DEMOCRAT,394409,0.394409
2012,CALIFORNIA,"OBAMA, BARACK H.",DEMOCRAT,7854285,7.854285
2012,CALIFORNIA,"ROMNEY, MITT",REPUBLICAN,4839958,4.839958
2012,COLORADO,"OBAMA, BARACK H.",DEMOCRAT,1323101,1.323101
2012,COLORADO,"ROMNEY, MITT",REPUBLICAN,1185243,1.185243
2012,CONNECTICUT,"OBAMA, BARACK H.",DEMOCRAT,905083,0.905083
2012,CONNECTICUT,"ROMNEY, MITT",REPUBLICAN,634892,0.634892
2012,DELAWARE,"OBAMA, BARACK H.",DEMOCRAT,242584,0.242584
2012,DELAWARE,"ROMNEY, MITT",REPUBLICAN,165484,0.165484
2012,DISTRICT OF COLUMBIA,"OBAMA, BARACK H.",DEMOCRAT,267070,0.26707
2012,DISTRICT OF COLUMBIA,"ROMNEY, MITT",REPUBLICAN,21381,0.021381
2012,FLORIDA,"OBAMA, BARACK H.",DEMOCRAT,4237756,4.237756
2012,FLORIDA,"ROMNEY, MITT",REPUBLICAN,4163447,4.163447
2012,GEORGIA,"ROMNEY, MITT",REPUBLICAN,2078688,2.078688
2012,GEORGIA,"OBAMA, BARACK H.",DEMOCRAT,1773827,1.773827
2012,HAWAII,"OBAMA, BARACK H.",DEMOCRAT,306658,0.306658
2012,HAWAII,"ROMNEY, MITT",REPUBLICAN,121015,0.121015
2012,IDAHO,"ROMNEY, MITT",REPUBLICAN,420911,0.420911
2012,IDAHO,"OBAMA, BARACK H.",DEMOCRAT,212787,0.212787
2012,ILLINOIS,"OBAMA, BARACK H.",DEMOCRAT,3019512,3.019512
2012,ILLINOIS,"ROMNEY, MITT",REPUBLICAN,2135216,2.135216
2012,INDIANA,"ROMNEY, MITT",REPUBLICAN,1420543,1.4205429999999999
2012,INDIANA,"OBAMA, BARACK H.",DEMOCRAT,1152887,1.152887
2012,IOWA,"OBAMA, BARACK H.",DEMOCRAT,822544,0.822544
2012,IOWA,"ROMNEY, MITT",REPUBLICAN,730617,0.730617
2012,KANSAS,"ROMNEY, MITT",REPUBLICAN,692634,0.692634
2012,KANSAS,"OBAMA, BARACK H.",DEMOCRAT,440726,0.440726
2012,KENTUCKY,"ROMNEY, MITT",REPUBLICAN,1087190,1.08719
2012,KENTUCKY,"OBAMA, BARACK H.",DEMOCRAT,679370,0.67937
2012,LOUISIANA,"ROMNEY, MITT",REPUBLICAN,1152262,1.152262
2012,LOUISIANA,"OBAMA, BARACK H.",DEMOCRAT,809141,0.809141
2012,MAINE,"OBAMA, BARACK H.",DEMOCRAT,401306,0.401306
2012,MAINE,"ROMNEY, MITT",REPUBLICAN,292276,0.292276
2012,MARYLAND,"OBAMA, BARACK H.",DEMOCRAT,1677844,1.677844
2012,MARYLAND,"ROMNEY, MITT",REPUBLICAN,971869,0.971869
2012,MASSACHUSETTS,"OBAMA, BARACK H.",DEMOCRAT,1921290,1.92129
2012,MASSACHUSETTS,"ROMNEY, MITT",REPUBLICAN,1188314,1.188314
2012,MICHIGAN,"OBAMA, BARACK H.",DEMOCRAT,2564569,2.564569
2012,MICHIGAN,"ROMNEY, MITT",REPUBLICAN,2115256,2.115256
2012,MINNESOTA,"OBAMA, BARACK H.",DEMOCRAT,1546167,1.546167
2012,MINNESOTA,"ROMNEY, MITT",REPUBLICAN,1320225,1.320225
2012,MISSISSIPPI,"ROMNEY, MITT",REPUBLICAN,710746,0.710746
2012,MISSISSIPPI,"OBAMA, BARACK H.",DEMOCRAT,562949,0.562949
2012,MISSOURI,"ROMNEY, MITT",REPUBLICAN,1482440,1.48244
2012,MISSOURI,"OBAMA, BARACK H.",DEMOCRAT,1223796,1.223796
2012,MONTANA,"ROMNEY, MITT",REPUBLICAN,267928,0.267928
2012,MONTANA,"OBAMA, BARACK H.",DEMOCRAT,201839,0.201839
2012,NEBRASKA,"ROMNEY, MITT",REPUBLICAN,475064,0.475064
2012,NEBRASKA,"OBAMA, BARACK H.",DEMOCRAT,302081,0.302081
2012,NEVADA,"OBAMA, BARACK H.",DEMOCRAT,531373,0.531373
2012,NEVADA,"ROMNEY, MITT",REPUBLICAN,463567,0.463567
2012,NEW HAMPSHIRE,"OBAMA, BARACK H.",DEMOCRAT,369561,0.369561
2012,NEW HAMPSHIRE,"ROMNEY, MITT",REPUBLICAN,329918,0.329918
2012,NEW JERSEY,"OBAMA, BARACK H.",DEMOCRAT,2122786,2.122786
2012,NEW JERSEY,"ROMNEY, MITT",REPUBLICAN,1478088,1.478088
2012,NEW MEXICO,"OBAMA, BARACK H.",DEMOCRAT,415335,0.415335
2012,NEW MEXICO,"ROMNEY, MITT",REPUBLICAN,335788,0.335788
2012,NEW YORK,"OBAMA, BARACK H.",DEMOCRAT,4324228,4.324228
2012,NEW YORK,"ROMNEY, MITT",REPUBLICAN,2223397,2.223397
2012,NORTH CAROLINA,"ROMNEY, MITT",REPUBLICAN,2270395,2.270395
2012,NORTH CAROLINA,"OBAMA, BARACK H.",DEMOCRAT,2178391,2.178391
2012,NORTH DAKOTA,"ROMNEY, MITT",REPUBLICAN,188320,0.18832
2012,NORTH DAKOTA,"OBAMA, BARACK H.",DEMOCRAT,124966,0.124966
2012,OHIO,"OBAMA, BARACK H.",DEMOCRAT,2827621,2.827621
2012,OHIO,"ROMNEY, MITT",REPUBLICAN,2661407,2.661407
2012,OKLAHOMA,"ROMNEY, MITT",REPUBLICAN,891325,0.891325
2012,OKLAHOMA,"OBAMA, BARACK H.",DEMOCRAT,443547,0.443547
2012,OREGON,"OBAMA, BARACK H.",DEMOCRAT,970488,0.970488
2012,OREGON,"ROMNEY, MITT",REPUBLICAN,754175,0.754175
2012,PENNSYLVANIA,"OBAMA, BARACK H.",DEMOCRAT,2990274,2.990274
2012,PENNSYLVANIA,"ROMNEY, MITT",REPUBLICAN,2680434,2.680434
2012,RHODE ISLAND,"OBAMA, BARACK H.",DEMOCRAT,279677,0.279677
2012,RHODE ISLAND,"ROMNEY, MITT",REPUBLICAN,157204,0.157204
2012,SOUTH CAROLINA,"ROMNEY, MITT",REPUBLICAN,1071645,1.071645
2012,SOUTH CAROLINA,"OBAMA, BARACK H.",DEMOCRAT,865941,0.865941
2012,SOUTH DAKOTA,"ROMNEY, MITT",REPUBLICAN,210610,0.21061
2012,SOUTH DAKOTA,"OBAMA, BARACK H.",DEMOCRAT,145039,0.145039
2012,TENNESSEE,"ROMNEY, MITT",REPUBLICAN,1462330,1.46233
2012,TENNESSEE,"OBAMA, BARACK H.",DEMOCRAT,960709,0.960709
2012,TEXAS,"ROMNEY, MITT",REPUBLICAN,4569843,4.569843
2012,TEXAS,"OBAMA, BARACK H.",DEMOCRAT,3308124,3.308124
2012,UTAH,"ROMNEY, MITT",REPUBLICAN,740600,0.7406
2012,UTAH,"OBAMA, BARACK H.",DEMOCRAT,251813,0.251813
2012,VERMONT,"OBAMA, BARACK H.",DEMOCRAT,199239,0.199239
2012,VERMONT,"ROMNEY, MITT",REPUBLICAN,92698,0.092698
2012,VIRGINIA,"OBAMA, BARACK H.",DEMOCRAT,1971820,1.97182
2012,VIRGINIA,"ROMNEY, MITT",REPUBLICAN,1822522,1.822522
2012,WASHINGTON,"OBAMA, BARACK H.",DEMOCRAT,1755396,1.755396
2012,WASHINGTON,"MITT, ROMNEY",REPUBLICAN,1290670,1.29067
2012,WEST VIRGINIA,"ROMNEY, MITT",REPUBLICAN,417655,0.417655
2012,WEST VIRGINIA,"OBAMA, BARACK H.",DEMOCRAT,238269,0.238269
2012,WISCONSIN,"OBAMA, BARACK H.",DEMOCRAT,1620985,1.620985
2012,WISCONSIN,"ROMNEY, MITT",REPUBLICAN,1410966,1.410966
2012,WYOMING,"ROMNEY, MITT",REPUBLICAN,170962,0.170962
2012,WYOMING,"OBAMA, BARACK H.",DEMOCRAT,69286,0.069286
2016,ALABAMA,"TRUMP, DONALD J.",REPUBLICAN,1318255,1.318255
2016,ALABAMA,"CLINTON, HILLARY",DEMOCRAT,729547,0.729547
2016,ALASKA,"TRUMP, DONALD J.",REPUBLICAN,163387,0.163387
2016,ALASKA,"CLINTON, HILLARY",DEMOCRAT,116454,0.116454
2016,ARIZONA,"TRUMP, DONALD J.",REPUBLICAN,1252401,1.252401
2016,ARIZONA,"CLINTON, HILLARY",DEMOCRAT,1161167,1.161167
2016,ARIZONA,NA,DEMOCRAT,42,4.2e-5
2016,ARKANSAS,"TRUMP, DONALD J.",REPUBLICAN,684872,0.684872
2016,ARKANSAS,"CLINTON, HILLARY",DEMOCRAT,380494,0.380494
2016,CALIFORNIA,"CLINTON, HILLARY",DEMOCRAT,8753788,8.753788
2016,CALIFORNIA,"TRUMP, DONALD J.",REPUBLICAN,4483810,4.48381
2016,COLORADO,"CLINTON, HILLARY",DEMOCRAT,1338870,1.33887
2016,COLORADO,"TRUMP, DONALD J.",REPUBLICAN,1202484,1.202484
2016,CONNECTICUT,"CLINTON, HILLARY",DEMOCRAT,897572,0.897572
2016,CONNECTICUT,"TRUMP, DONALD J.",REPUBLICAN,673215,0.673215
2016,DELAWARE,"CLINTON, HILLARY",DEMOCRAT,235603,0.235603
2016,DELAWARE,"TRUMP, DONALD J.",REPUBLICAN,185127,0.185127
2016,DISTRICT OF COLUMBIA,"CLINTON, HILLARY",DEMOCRAT,282830,0.28283
2016,DISTRICT OF COLUMBIA,"TRUMP, DONALD J.",REPUBLICAN,12723,0.012723
2016,FLORIDA,"TRUMP, DONALD J.",REPUBLICAN,4617886,4.617886
2016,FLORIDA,"CLINTON, HILLARY",DEMOCRAT,4504975,4.504975
2016,GEORGIA,"TRUMP, DONALD J.",REPUBLICAN,2089104,2.089104
2016,GEORGIA,"CLINTON, HILLARY",DEMOCRAT,1877963,1.877963
2016,HAWAII,"CLINTON, HILLARY",DEMOCRAT,266891,0.266891
2016,HAWAII,"TRUMP, DONALD J.",REPUBLICAN,128847,0.128847
2016,IDAHO,"TRUMP, DONALD J.",REPUBLICAN,409055,0.409055
2016,IDAHO,"CLINTON, HILLARY",DEMOCRAT,189765,0.189765
2016,ILLINOIS,"CLINTON, HILLARY",DEMOCRAT,3090729,3.090729
2016,ILLINOIS,"TRUMP, DONALD J.",REPUBLICAN,2146015,2.146015
2016,INDIANA,"TRUMP, DONALD J.",REPUBLICAN,1557286,1.557286
2016,INDIANA,"CLINTON, HILLARY",DEMOCRAT,1033126,1.033126
2016,IOWA,"TRUMP, DONALD J.",REPUBLICAN,800983,0.800983
2016,IOWA,"CLINTON, HILLARY",DEMOCRAT,653669,0.65366899999999994
2016,KANSAS,"TRUMP, DONALD J.",REPUBLICAN,671018,0.671018
2016,KANSAS,"CLINTON, HILLARY",DEMOCRAT,427005,0.427005
2016,KENTUCKY,"TRUMP, DONALD J.",REPUBLICAN,1202971,1.202971
2016,KENTUCKY,"CLINTON, HILLARY",DEMOCRAT,628854,0.628854
2016,LOUISIANA,"TRUMP, DONALD J.",REPUBLICAN,1178638,1.178638
2016,LOUISIANA,"CLINTON, HILLARY",DEMOCRAT,780154,0.780154
2016,MAINE,"CLINTON, HILLARY",DEMOCRAT,357735,0.357735
2016,MAINE,"TRUMP, DONALD J.",REPUBLICAN,335593,0.335593
2016,MARYLAND,"CLINTON, HILLARY",DEMOCRAT,1677928,1.677928
2016,MARYLAND,"TRUMP, DONALD J.",REPUBLICAN,943169,0.943169
2016,MARYLAND,"TRUMP, DONALD J.",REPUBLICAN,259,2.59e-4
2016,MARYLAND,"CLINTON, HILLARY",DEMOCRAT,78,7.8e-5
2016,MASSACHUSETTS,"CLINTON, HILLARY",DEMOCRAT,1995196,1.995196
2016,MASSACHUSETTS,"TRUMP, DONALD J.",REPUBLICAN,1090893,1.090893
2016,MICHIGAN,"TRUMP, DONALD J.",REPUBLICAN,2279543,2.279543
2016,MICHIGAN,"CLINTON, HILLARY",DEMOCRAT,2268839,2.268839
2016,MINNESOTA,"CLINTON, HILLARY",DEMOCRAT,1367705,1.367705
2016,MINNESOTA,"TRUMP, DONALD J.",REPUBLICAN,1322949,1.322949
2016,MISSISSIPPI,"TRUMP, DONALD J.",REPUBLICAN,700714,0.700714
2016,MISSISSIPPI,"CLINTON, HILLARY",DEMOCRAT,485131,0.485131
2016,MISSOURI,"TRUMP, DONALD J.",REPUBLICAN,1594511,1.594511
2016,MISSOURI,"CLINTON, HILLARY",DEMOCRAT,1071068,1.071068
2016,MONTANA,"TRUMP, DONALD J.",REPUBLICAN,279240,0.27924
2016,MONTANA,"CLINTON, HILLARY",DEMOCRAT,177709,0.177709
2016,NEBRASKA,"TRUMP, DONALD J.",REPUBLICAN,495961,0.495961
2016,NEBRASKA,"CLINTON, HILLARY",DEMOCRAT,284494,0.284494
2016,NEVADA,"CLINTON, HILLARY",DEMOCRAT,539260,0.53926
2016,NEVADA,"TRUMP, DONALD J.",REPUBLICAN,512058,0.512058
2016,NEW HAMPSHIRE,"CLINTON, HILLARY",DEMOCRAT,348526,0.348526
2016,NEW HAMPSHIRE,"TRUMP, DONALD J.",REPUBLICAN,345790,0.34579
2016,NEW JERSEY,"CLINTON, HILLARY",DEMOCRAT,2148278,2.148278
2016,NEW JERSEY,"TRUMP, DONALD J.",REPUBLICAN,1601933,1.601933
2016,NEW MEXICO,"CLINTON, HILLARY",DEMOCRAT,385234,0.385234
2016,NEW MEXICO,"TRUMP, DONALD J.",REPUBLICAN,319667,0.319667
2016,NEW YORK,"CLINTON, HILLARY",DEMOCRAT,4379789,4.379789
2016,NEW YORK,"TRUMP, DONALD J.",REPUBLICAN,2527142,2.527142
2016,NORTH CAROLINA,"TRUMP, DONALD J.",REPUBLICAN,2362631,2.362631
2016,NORTH CAROLINA,"CLINTON, HILLARY",DEMOCRAT,2189316,2.189316
2016,NORTH DAKOTA,"TRUMP, DONALD J.",REPUBLICAN,216794,0.216794
2016,NORTH DAKOTA,"CLINTON, HILLARY",DEMOCRAT,93758,0.093758
2016,OHIO,"TRUMP, DONALD J.",REPUBLICAN,2841005,2.841005
2016,OHIO,"CLINTON, HILLARY",DEMOCRAT,2394164,2.394164
2016,OKLAHOMA,"TRUMP, DONALD J.",REPUBLICAN,949136,0.949136
2016,OKLAHOMA,"CLINTON, HILLARY",DEMOCRAT,420375,0.420375
2016,OREGON,"CLINTON, HILLARY",DEMOCRAT,1002106,1.002106
2016,OREGON,"TRUMP, DONALD J.",REPUBLICAN,782403,0.782403
2016,PENNSYLVANIA,"TRUMP, DONALD J.",REPUBLICAN,2970733,2.970733
2016,PENNSYLVANIA,"CLINTON, HILLARY",DEMOCRAT,2926441,2.926441
2016,RHODE ISLAND,"CLINTON, HILLARY",DEMOCRAT,252525,0.252525
2016,RHODE ISLAND,"TRUMP, DONALD J.",REPUBLICAN,180543,0.180543
2016,SOUTH CAROLINA,"TRUMP, DONALD J.",REPUBLICAN,1155389,1.155389
2016,SOUTH CAROLINA,"CLINTON, HILLARY",DEMOCRAT,855373,0.855373
2016,SOUTH DAKOTA,"TRUMP, DONALD J.",REPUBLICAN,227721,0.227721
2016,SOUTH DAKOTA,"CLINTON, HILLARY",DEMOCRAT,117458,0.117458
2016,TENNESSEE,"TRUMP, DONALD J.",REPUBLICAN,1522925,1.522925
2016,TENNESSEE,"CLINTON, HILLARY",DEMOCRAT,870695,0.870695
2016,TEXAS,"TRUMP, DONALD J.",REPUBLICAN,4685047,4.685047
2016,TEXAS,"CLINTON, HILLARY",DEMOCRAT,3877868,3.877868
2016,UTAH,"TRUMP, DONALD J.",REPUBLICAN,515211,0.515211
2016,UTAH,"CLINTON, HILLARY",DEMOCRAT,310674,0.310674
2016,VERMONT,"CLINTON, HILLARY",DEMOCRAT,178573,0.178573
2016,VERMONT,"TRUMP, DONALD J.",REPUBLICAN,95369,0.095369
2016,VIRGINIA,"CLINTON, HILLARY",DEMOCRAT,1981473,1.981473
2016,VIRGINIA,"TRUMP, DONALD J.",REPUBLICAN,1769443,1.769443
2016,WASHINGTON,"CLINTON, HILLARY",DEMOCRAT,1742718,1.742718
2016,WASHINGTON,"TRUMP, DONALD J.",REPUBLICAN,1221747,1.221747
2016,WEST VIRGINIA,"TRUMP, DONALD J.",REPUBLICAN,489371,0.489371
2016,WEST VIRGINIA,"CLINTON, HILLARY",DEMOCRAT,188794,0.188794
2016,WISCONSIN,"TRUMP, DONALD J.",REPUBLICAN,1405284,1.405284
2016,WISCONSIN,"CLINTON, HILLARY",DEMOCRAT,1382536,1.382536
2016,WYOMING,"TRUMP, DONALD J.",REPUBLICAN,174419,0.174419
2016,WYOMING,"CLINTON, HILLARY",DEMOCRAT,55973,0.055973
2020,ALABAMA,"BIDEN, JOSEPH R. JR",DEMOCRAT,849624,0.849624
2020,ALABAMA,"TRUMP, DONALD J.",REPUBLICAN,1441170,1.44117
2020,ALASKA,"BIDEN, JOSEPH R. JR",DEMOCRAT,153778,0.153778
2020,ALASKA,"TRUMP, DONALD J.",REPUBLICAN,189951,0.189951
2020,ARIZONA,"BIDEN, JOSEPH R. JR",DEMOCRAT,1672143,1.672143
2020,ARIZONA,"TRUMP, DONALD J.",REPUBLICAN,1661686,1.661686
2020,ARKANSAS,"BIDEN, JOSEPH R. JR",DEMOCRAT,423932,0.423932
2020,ARKANSAS,"TRUMP, DONALD J.",REPUBLICAN,760647,0.760647
2020,CALIFORNIA,"BIDEN, JOSEPH R. JR",DEMOCRAT,11110250,11.11025
2020,CALIFORNIA,"TRUMP, DONALD J.",REPUBLICAN,6006429,6.006429
2020,COLORADO,"BIDEN, JOSEPH R. JR",DEMOCRAT,1804352,1.804352
2020,COLORADO,"TRUMP, DONALD J.",REPUBLICAN,1364607,1.364607
2020,CONNECTICUT,"BIDEN, JOSEPH R. JR",DEMOCRAT,1080831,1.080831
2020,CONNECTICUT,"TRUMP, DONALD J.",REPUBLICAN,714717,0.714717
2020,DELAWARE,"BIDEN, JOSEPH R. JR",DEMOCRAT,296268,0.296268
2020,DELAWARE,"TRUMP, DONALD J.",REPUBLICAN,200603,0.200603
2020,DISTRICT OF COLUMBIA,"BIDEN, JOSEPH R. JR",DEMOCRAT,317323,0.317323
2020,DISTRICT OF COLUMBIA,"TRUMP, DONALD J.",REPUBLICAN,18586,0.018586
2020,FLORIDA,"BIDEN, JOSEPH R. JR",DEMOCRAT,5297045,5.297045
2020,FLORIDA,"TRUMP, DONALD J.",REPUBLICAN,5668731,5.668731
2020,GEORGIA,"BIDEN, JOSEPH R. JR",DEMOCRAT,2473633,2.473633
2020,GEORGIA,"TRUMP, DONALD J.",REPUBLICAN,2461854,2.461854
2020,HAWAII,"BIDEN, JOSEPH R. JR",DEMOCRAT,366130,0.36613
2020,HAWAII,"TRUMP, DONALD J.",REPUBLICAN,196864,0.196864
2020,IDAHO,"BIDEN, JOSEPH R. JR",DEMOCRAT,287021,0.287021
2020,IDAHO,"TRUMP, DONALD J.",REPUBLICAN,554119,0.554119
2020,ILLINOIS,"BIDEN, JOSEPH R. JR",DEMOCRAT,3471915,3.471915
2020,ILLINOIS,"TRUMP, DONALD J.",REPUBLICAN,2446891,2.446891
2020,INDIANA,"BIDEN, JOSEPH R. JR",DEMOCRAT,1242416,1.242416
2020,INDIANA,"TRUMP, DONALD J.",REPUBLICAN,1729519,1.729519
2020,IOWA,"TRUMP, DONALD J.",REPUBLICAN,897672,0.897672
2020,IOWA,"BIDEN, JOSEPH R. JR",DEMOCRAT,759061,0.759061
2020,KANSAS,"TRUMP, DONALD J.",REPUBLICAN,771406,0.771406
2020,KANSAS,"BIDEN, JOSEPH R. JR",DEMOCRAT,570323,0.570323
2020,KENTUCKY,"TRUMP, DONALD J.",REPUBLICAN,1326646,1.326646
2020,KENTUCKY,"BIDEN, JOSEPH R. JR",DEMOCRAT,772474,0.772474
2020,LOUISIANA,"BIDEN, JOSEPH R. JR",DEMOCRAT,856034,0.856034
2020,LOUISIANA,"TRUMP, DONALD J.",REPUBLICAN,1255776,1.255776
2020,MAINE,"BIDEN, JOSEPH R. JR",DEMOCRAT,435072,0.435072
2020,MAINE,"TRUMP, DONALD J.",REPUBLICAN,360737,0.360737
2020,MARYLAND,"TRUMP, DONALD J.",REPUBLICAN,976414,0.976414
2020,MARYLAND,"BIDEN, JOSEPH R. JR",DEMOCRAT,1985023,1.985023
2020,MASSACHUSETTS,"BIDEN, JOSEPH R. JR",DEMOCRAT,2382202,2.382202
2020,MASSACHUSETTS,"TRUMP, DONALD J.",REPUBLICAN,1167202,1.167202
2020,MICHIGAN,"BIDEN, JOSEPH R. JR",DEMOCRAT,2804040,2.80404
2020,MICHIGAN,"TRUMP, DONALD J.",REPUBLICAN,2649852,2.649852
2020,MINNESOTA,"TRUMP, DONALD J.",REPUBLICAN,1484065,1.484065
2020,MINNESOTA,"BIDEN, JOSEPH R. JR",DEMOCRAT,1717077,1.717077
2020,MISSISSIPPI,"BIDEN, JOSEPH R. JR",DEMOCRAT,539398,0.539398
2020,MISSISSIPPI,"TRUMP, DONALD J.",REPUBLICAN,756764,0.756764
2020,MISSOURI,"TRUMP, DONALD J.",REPUBLICAN,1718736,1.718736
2020,MISSOURI,"BIDEN, JOSEPH R. JR",DEMOCRAT,1253014,1.253014
2020,MONTANA,"TRUMP, DONALD J.",REPUBLICAN,343602,0.343602
2020,MONTANA,"BIDEN, JOSEPH R. JR",DEMOCRAT,244786,0.244786
2020,NEBRASKA,"TRUMP, DONALD J.",REPUBLICAN,556846,0.556846
2020,NEBRASKA,"BIDEN, JOSEPH R. JR",DEMOCRAT,374583,0.374583
2020,NEVADA,"TRUMP, DONALD J.",REPUBLICAN,669890,0.66989
2020,NEVADA,"BIDEN, JOSEPH R. JR",DEMOCRAT,703486,0.703486
2020,NEW HAMPSHIRE,"TRUMP, DONALD J.",REPUBLICAN,365654,0.365654
2020,NEW HAMPSHIRE,"BIDEN, JOSEPH R. JR",DEMOCRAT,424921,0.424921
2020,NEW JERSEY,"TRUMP, DONALD J.",REPUBLICAN,1883274,1.883274
2020,NEW JERSEY,"BIDEN, JOSEPH R. JR",DEMOCRAT,2608335,2.608335
2020,NEW MEXICO,"BIDEN, JOSEPH R. JR",DEMOCRAT,501614,0.501614
2020,NEW MEXICO,"TRUMP, DONALD J.",REPUBLICAN,401894,0.401894
2020,NEW YORK,"BIDEN, JOSEPH R. JR",DEMOCRAT,5230985,5.230985
2020,NEW YORK,"TRUMP, DONALD J.",REPUBLICAN,3244798,3.244798
2020,NORTH CAROLINA,"TRUMP, DONALD J.",REPUBLICAN,2758773,2.758773
2020,NORTH CAROLINA,"BIDEN, JOSEPH R. JR",DEMOCRAT,2684292,2.684292
2020,NORTH DAKOTA,"TRUMP, DONALD J.",REPUBLICAN,235595,0.235595
2020,NORTH DAKOTA,"BIDEN, JOSEPH R. JR",DEMOCRAT,114902,0.114902
2020,OHIO,"TRUMP, DONALD J.",REPUBLICAN,3154834,3.154834
2020,OHIO,"BIDEN, JOSEPH R. JR",DEMOCRAT,2679165,2.679165
2020,OKLAHOMA,"TRUMP, DONALD J.",REPUBLICAN,1020280,1.02028
2020,OKLAHOMA,"BIDEN, JOSEPH R. JR",DEMOCRAT,503890,0.50389
2020,OREGON,"TRUMP, DONALD J.",REPUBLICAN,958448,0.958448
2020,OREGON,"BIDEN, JOSEPH R. JR",DEMOCRAT,1340383,1.340383
2020,PENNSYLVANIA,"TRUMP, DONALD J.",REPUBLICAN,3377674,3.377674
2020,PENNSYLVANIA,"BIDEN, JOSEPH R. JR",DEMOCRAT,3458229,3.458229
2020,RHODE ISLAND,"BIDEN, JOSEPH R. JR",DEMOCRAT,307486,0.307486
2020,RHODE ISLAND,"TRUMP, DONALD J.",REPUBLICAN,199922,0.199922
2020,SOUTH CAROLINA,"TRUMP, DONALD J.",REPUBLICAN,1385103,1.385103
2020,SOUTH CAROLINA,"BIDEN, JOSEPH R. JR",DEMOCRAT,1091541,1.091541
2020,SOUTH DAKOTA,"TRUMP, DONALD J.",REPUBLICAN,261043,0.261043
2020,SOUTH DAKOTA,"BIDEN, JOSEPH R. JR",DEMOCRAT,150471,0.150471
2020,TENNESSEE,"TRUMP, DONALD J.",REPUBLICAN,1852475,1.852475
2020,TENNESSEE,"BIDEN, JOSEPH R. JR",DEMOCRAT,1143711,1.143711
2020,TEXAS,"TRUMP, DONALD J.",REPUBLICAN,5890347,5.890347
2020,TEXAS,"BIDEN, JOSEPH R. JR",DEMOCRAT,5259126,5.259126
2020,UTAH,"BIDEN, JOSEPH R. JR",DEMOCRAT,560282,0.560282
2020,UTAH,"TRUMP, DONALD J.",REPUBLICAN,865140,0.86514
2020,VERMONT,"BIDEN, JOSEPH R. JR",DEMOCRAT,242820,0.24282
2020,VERMONT,"TRUMP, DONALD J.",REPUBLICAN,112704,0.112704
2020,VIRGINIA,"BIDEN, JOSEPH R. JR",DEMOCRAT,2413568,2.413568
2020,VIRGINIA,"TRUMP, DONALD J.",REPUBLICAN,1962430,1.96243
2020,WASHINGTON,"BIDEN, JOSEPH R. JR",DEMOCRAT,2369612,2.369612
2020,WASHINGTON,"TRUMP, DONALD J.",REPUBLICAN,1584651,1.584651
2020,WEST VIRGINIA,"BIDEN, JOSEPH R. JR",DEMOCRAT,235984,0.235984
2020,WEST VIRGINIA,"TRUMP, DONALD J.",REPUBLICAN,545382,0.545382
2020,WISCONSIN,"BIDEN, JOSEPH R. JR",DEMOCRAT,1630866,1.630866
2020,WISCONSIN,"TRUMP, DONALD J.",REPUBLICAN,1610184,1.610184
2020,WYOMING,"BIDEN, JOSEPH R. JR",DEMOCRAT,73491,0.073491
2020,WYOMING,"TRUMP, DONALD J.",REPUBLICAN,193559,0.193559
